反復回数,回転角度θ（deg）,スケールs
0,0.005264952409610211,1.0015086652876821
1,0.010514042625860356,1.0030173390129056
2,0.0157473421369897,1.0045260211375682
3,0.020964922002830223,1.0060347116237964
4,0.026166852858007034,1.0075434104339445
5,0.03028316796053856,1.0090421795474491
6,0.03303725338900249,1.0105565034140966
7,0.034149968826643874,1.0120332392405131
8,0.03482158084172276,1.0135043298552153
9,0.03592221658912364,1.0149738987358654
10,0.035983285285295985,1.0164341031199449
11,0.03835370995396402,1.0179032890813926
12,0.04101259754488102,1.0193650436131187
13,0.04355134239544839,1.0208247366350822
14,0.04698373422653708,1.0222768434007032
15,0.053418810788982064,1.0237032580366334
16,0.05815594152907238,1.0251299738184487
17,0.06311055649143216,1.0265798389777863
18,0.06814028415714753,1.028024393684104
19,0.07318897572630124,1.0294483934365157
20,0.08007471683690531,1.030863128315812
21,0.08744888617038768,1.0322586516587462
22,0.0949719357878017,1.0336759744405934
23,0.10115683681235231,1.0350921937671949
24,0.10854908068540409,1.0364928201391252
25,0.11552470194257132,1.0378975495576304
26,0.12387560901659994,1.039299190790945
27,0.1306712458228834,1.0406894595387874
28,0.13898626624730268,1.0421007142012129
29,0.1464837455271689,1.0435144698595489
30,0.1522860588808015,1.0449232329804192
31,0.15773657386341855,1.0463301700751095
32,0.1659401981013855,1.0477425655672714
33,0.173323471185695,1.0491295132453686
34,0.18004432177238358,1.0505052151345642
35,0.1876313943128126,1.0518817554942923
36,0.19482643454543647,1.053253758527113
37,0.20111171510756118,1.054635299014479
38,0.20603925881101554,1.0560122357479738
39,0.2113921978280929,1.0573864303244025
40,0.21754779636742164,1.058752283471257
41,0.22268724107297033,1.060122272721115
42,0.2256557245361084,1.0614837059017037
43,0.22900819958081237,1.06284135796832
44,0.23329493158313674,1.064189463459032
45,0.23784156105075122,1.0655107202897967
46,0.24028648553807325,1.066830952313501
47,0.24220395634931582,1.0681075637463424
48,0.24480044242873014,1.0693837103315096
49,0.24645816541372004,1.0706576274691022
50,0.24963450038244614,1.071922262457636
51,0.2520671773633378,1.0731825441655347
52,0.2545371329987649,1.074445873423975
53,0.2565387977850744,1.075713845441995
54,0.2587574631846147,1.0769848594118443
55,0.25864931128882096,1.078254258261336
56,0.2574472128115134,1.0795140214368841
57,0.25908896569817574,1.0807614223880218
58,0.2610023039817257,1.0819862993511644
59,0.2628211465685498,1.0831989708577716
60,0.2647773962432964,1.0843788565548178
61,0.2669661028041209,1.0855465936600055
62,0.26878408018250327,1.0866948620420454
63,0.27437785190938185,1.0878561786745313
64,0.27948655475663803,1.0890169840509216
65,0.28437795706045255,1.0901809515012462
66,0.28847800205387625,1.091336328460105
67,0.2932822807355858,1.0924968216139814
68,0.2970336344234611,1.0936548502361532
69,0.29860883749124756,1.0948081862826433
70,0.29938733016015506,1.0959655582764058
71,0.30048110061619665,1.0971203765551207
72,0.3016626582245098,1.0982794448734132
73,0.3034588845261993,1.0994388245621658
74,0.30545825647944524,1.1005820869286986
75,0.3077678038537028,1.1017195339170536
76,0.3094912961228902,1.1028621896476807
77,0.3113962870891613,1.1040003412789297
78,0.3122164530247565,1.105138241271906
79,0.31285495033544813,1.106286394002155
80,0.31545926273447406,1.1074404053940052
81,0.3191197639459274,1.1086189972840585
82,0.3248975542922506,1.1097999656481914
83,0.328941686091971,1.1109918878129668
84,0.3323018747563218,1.1121876091133198
85,0.3353798159933146,1.1133803297222968
86,0.339345590402193,1.1145694372932824
87,0.3436974116871448,1.1157545674342002
88,0.3495331387765257,1.116932794071333
89,0.3546850014079469,1.1181215890060774
90,0.36015487256238043,1.119309236267328
91,0.3656575157398314,1.120493399705446
92,0.369514059686771,1.1216885056061645
93,0.3732919412222544,1.1228776909705338
94,0.3787876903807066,1.1240881334332786
95,0.3849558159648443,1.1252973218779514
96,0.39269938837686863,1.126528759353239
97,0.39997169483011424,1.1277554609736362
98,0.406064810478471,1.1289737263322521
99,0.41363330072583837,1.1301919930839466
100,0.42144950851652735,1.131404178227547
101,0.4279210199797238,1.1325961531721191
102,0.4332794300411387,1.1337884555590294
103,0.437915186605287,1.1349798839604326
104,0.44331996386218764,1.136163990044541
105,0.44894644225609875,1.1373566340271035
106,0.45487002670531096,1.1385467317965259
107,0.4607862794556545,1.139741020887362
108,0.46789619206593436,1.1409330674499039
109,0.4741469093462377,1.1421213473174763
110,0.48133773204497,1.1433263907455617
111,0.4886096490401887,1.144531414957507
112,0.49601702549213394,1.1457329498581086
113,0.5035390547243579,1.1469374887476105
114,0.5096359133892758,1.148163196966962
115,0.5156003706008099,1.1493878537675322
116,0.5231403657138227,1.1506166145899075
117,0.5298668564256401,1.1518477683613724
118,0.5374480179275501,1.153077943380981
119,0.543862835754127,1.1543156349258754
120,0.5496303500273625,1.1555523098897829
121,0.5552080495363222,1.1567894997890067
122,0.560803897369426,1.1580280088078687
123,0.567123988207299,1.1592656708936666
124,0.5725405997740287,1.1604991360274868
125,0.576328770308017,1.1617325688669027
126,0.581900360432102,1.1629772336104816
127,0.5867086991494457,1.1642191672075275
128,0.593504562265627,1.1654794096293544
129,0.6008527338085864,1.166739453885862
130,0.608426326810542,1.1680003431949906
131,0.6162993360609532,1.1692520483613715
132,0.6237514867160302,1.1705260639713801
133,0.6309659063680102,1.1718090296255868
134,0.6380112846054252,1.173101860222695
135,0.643948242272382,1.1743946747509642
136,0.6496343896315193,1.1756918573266646
137,0.6556917753104425,1.1770125965871017
138,0.6622141826224985,1.1783334866071251
139,0.6686001135096219,1.1796728745551015
140,0.6754685001451981,1.181017249196722
141,0.6824056340980916,1.18236467881528
142,0.6905972122530848,1.1837163800740416
143,0.6982792219851057,1.1850868926300362
144,0.7066580464144131,1.1864595359367047
145,0.7134733272430562,1.1878387848583833
146,0.721769849596952,1.1892413091294405
147,0.7306076779536007,1.1906468984343683
148,0.7384095320640439,1.192063061399559
149,0.7456645309826871,1.1934908222120562
150,0.7546581379136368,1.1949316707573074
151,0.7630469456258362,1.1963779890675972
152,0.7725663127805498,1.1978249891372803
153,0.784205561084574,1.1992719145755437
154,0.7939681548081934,1.2007326880702456
155,0.8042892073616054,1.2021918560696798
156,0.8149455419187706,1.2036423008723875
157,0.8256526887524409,1.2051048756088063
158,0.8364520597429137,1.2065549298815959
159,0.8479929039274768,1.207997931575529
160,0.8592322526487526,1.20943291842233
161,0.8699431462072349,1.2108663324788214
162,0.8817713946850266,1.2123082402631558
163,0.8930657815815565,1.213754672038291
164,0.9055795617500196,1.2152057443808908
165,0.917721775569976,1.2166523843899377
166,0.9312856224285283,1.218098922667979
167,0.943901703323857,1.2195440124203427
168,0.9565875582686497,1.2210044714254524
169,0.9685339198385262,1.2224658807532123
170,0.9818406470404045,1.2239256996999184
171,0.995767059018637,1.2253855029752916
172,1.0089636261126937,1.2268440983139588
173,1.0207251209504582,1.2283033523666427
174,1.033606188778429,1.2297634402809534
175,1.0466402172750255,1.2312345610910302
176,1.0603607818486849,1.2327063935038487
177,1.0724815078747356,1.2341779700486077
178,1.083544777690433,1.2356594010173345
179,1.096687358668654,1.2371372305539807
180,1.1088821452750834,1.238614563325058
181,1.1234446721729332,1.2401024017941644
182,1.1386708189208223,1.2415877723244058
183,1.1537841127010198,1.2430735013456486
184,1.1687437949078698,1.244561229631261
185,1.1852131085490807,1.2460577603257643
186,1.2023780989961295,1.2475522121398854
187,1.2196292868131446,1.2490482637083036
188,1.2358658980830217,1.2505453833985318
189,1.2531899383771994,1.2520483079705789
190,1.2704152531238668,1.2535627492880708
191,1.287243619163826,1.255069496917741
192,1.302844298198264,1.2565752719102106
193,1.3165955640885787,1.2580806129380777
194,1.3287883648143317,1.2595786964244833
195,1.3420479608018014,1.2610581081347796
196,1.3548769656776807,1.2625434954894148
197,1.3682325898524528,1.264027268274226
198,1.3825025582564505,1.2655080594378205
199,1.3973550248721105,1.2669998740429032
200,1.4129221340541671,1.2684904085502615
201,1.4286937824678962,1.269981225491385
202,1.4461611595138841,1.2714636707761142
203,1.4637916834640459,1.2729445303809515
204,1.4821487493267118,1.27442289458728
205,1.5012123861073599,1.2758870054575921
206,1.5206938237122076,1.2773541037204574
207,1.5402124757322688,1.2788204059153048
208,1.5590213707693379,1.2802800072760818
209,1.5775943486153958,1.2817284642231401
210,1.596541247606904,1.283178992085191
211,1.6143132539800014,1.2846206256086277
212,1.6319770467102077,1.2860693926311915
213,1.6497751875689501,1.2875149859312036
214,1.6678984517354336,1.2889537968584435
215,1.6848814119824285,1.2903918326084831
216,1.7005665461376571,1.291830461157329
217,1.7160585406700186,1.2932858525299913
218,1.7332231727234524,1.2947262060019695
219,1.7499302287513703,1.2961669429650304
220,1.765153898067048,1.2975949096382944
221,1.7808397247035803,1.299024920025247
222,1.7975961765917206,1.3004541670169196
223,1.8161766791147695,1.301871199278019
224,1.8344638650626968,1.303296371467089
225,1.852207948817118,1.3047219907101466
226,1.8684199895860165,1.3061479506381455
227,1.8837386835174719,1.3075764880265677
228,1.8980779152277425,1.3089985645545845
229,1.9121562486748067,1.3104147372834523
230,1.9287733045953397,1.3118295315151778
231,1.9450780585130079,1.3132398685990887
232,1.9609503084958835,1.314642698417538
233,1.9772679853811455,1.3160564295540895
234,1.993914547458244,1.31747575333141
235,2.0109105453827634,1.3188966083372695
236,2.0284259028652203,1.3203203391985392
237,2.04706298710868,1.3217443277777121
238,2.066747944641215,1.3231744010409163
239,2.087141168400181,1.324601248390032
240,2.1077433471603695,1.3260253437694625
241,2.1264812325587856,1.3274578342158052
242,2.1460933539377516,1.3288954330711678
243,2.1677220351307938,1.3303436069471897
244,2.190619313262998,1.3317819355676492
245,2.2146189803349285,1.3332247162740771
246,2.238060854356619,1.3346751444296903
247,2.259791216187,1.336145910618097
248,2.2807130331821135,1.3376162342557893
249,2.3028556824524204,1.3390784816511065
250,2.32585183553266,1.3405470911426558
251,2.348439098245514,1.3420220507348195
252,2.3713224739180667,1.3434868219181035
253,2.395261812145182,1.3449592213081198
254,2.4200715638241226,1.346435450765802
255,2.444761048726657,1.347929667307982
256,2.4692302220249176,1.3494467187111336
257,2.4937111858734613,1.3509696883740836
258,2.5185422020300976,1.35249090668299
259,2.5447250788809423,1.3540225464122488
260,2.570103555353523,1.3555603187842646
261,2.595050318955309,1.3570975769598406
262,2.619843729574731,1.3586438499958622
263,2.644866765635548,1.3601965768085258
264,2.6693611922408973,1.3617556770634134
265,2.696709267664622,1.3633173423063736
266,2.722788754605735,1.3648846916430433
267,2.750464009399002,1.3664571142618698
268,2.7784913805600064,1.368018656634512
269,2.804930454969032,1.3696059085516148
270,2.832040698910391,1.3712015268841145
271,2.859276105885141,1.3728080673292096
272,2.8852027553016404,1.3744205487164307
273,2.912626948057612,1.3760390541491492
274,2.941149357437416,1.37768379558011
275,2.968958947104085,1.3793282960155238
276,2.998134266189074,1.3809912610793087
277,3.0280170578069203,1.382657247225736
278,3.057723228687274,1.3843386053928668
279,3.087113678096408,1.3860213726622643
280,3.116682674767595,1.3877019440904168
281,3.145142963194976,1.3893867277386067
282,3.1741782892825907,1.3910844304729386
283,3.20219882657911,1.3927952389169351
284,3.230790432358932,1.39453692729074
285,3.261085609509465,1.3963020005953704
286,3.291526683173344,1.3980942706662103
287,3.3211337952538273,1.3998883073680697
288,3.3523439350089665,1.4016825312148238
289,3.384532185155954,1.4034798424632546
290,3.4188150180997563,1.4052859674482476
291,3.453648688801697,1.4070903109362052
292,3.48903436809749,1.4088798663627327
293,3.525941917692378,1.4106647152044942
294,3.5611059905764053,1.4124476108346251
295,3.596680414890442,1.4142315438390278
296,3.631082138827368,1.416018308705972
297,3.666609852592484,1.417804985662802
298,3.703273018004006,1.4195873663123904
299,3.7391663051025983,1.4213706804885249
300,3.7749214402846034,1.4231547476837931
301,3.810911360227486,1.4249279029679005
302,3.8473093328300316,1.4267058522731624
303,3.8848759825794352,1.428493930082214
304,3.9224326453105247,1.4302724209959452
305,3.9621976705068613,1.4320426057824285
306,4.003155398911693,1.4337999619147108
307,4.044011962804148,1.435551865890981
308,4.085301313877433,1.4372979370527463
309,4.126662146244083,1.4390412988282313
310,4.168299929795077,1.4407798451387053
311,4.208739605879286,1.4425169969927782
312,4.248552194841033,1.4442551419210539
313,4.287117321107898,1.4459938759108977
314,4.325493435162913,1.4477401438616897
315,4.362217080805209,1.4494788567024761
316,4.3999888965311955,1.4512176047347634
317,4.4374103964066185,1.4529560099008538
318,4.474400861414177,1.454698282931713
319,4.511551030682868,1.4564387825819611
320,4.5485158728183235,1.4581821633940864
321,4.585813953024796,1.4599269575059666
322,4.623931294289587,1.4616761788556614
323,4.661810658283338,1.463429374319142
324,4.700576461326193,1.465185765866593
325,4.738263574955444,1.4669477716396706
326,4.77643537249779,1.468717656422622
327,4.815679087138677,1.4704940232176384
328,4.854265228876659,1.4722618421103957
329,4.8926375328438425,1.47403365368372
330,4.930432593691145,1.4758039675161339
331,4.969877928982874,1.4775784259829587
332,5.008776535202878,1.4793589086530587
333,5.047742665051939,1.4811433804591283
334,5.085749437112525,1.4829315284663471
335,5.1250921857530125,1.4847348248389374
336,5.164983512666356,1.486541555554775
337,5.206830750288241,1.4883692665790598
338,5.251651240871354,1.4901967945693495
339,5.2961703544599406,1.492036558043963
340,5.341497033682988,1.493881154752927
341,5.387332988992511,1.4957428078018693
342,5.4343816137403245,1.4976075207809378
343,5.480943464700271,1.4994742457257972
344,5.526840244038495,1.5013432821699166
345,5.573693863149959,1.5032109823244655
346,5.6209457397620355,1.5050856916837838
347,5.668645525605228,1.5069739419669637
348,5.715750808575176,1.5088678592297162
349,5.762868510616214,1.5107691057294421
350,5.809552380231387,1.5126728170261794
351,5.856754374914542,1.5145853690814215
352,5.904222551243163,1.5165009697042073
353,5.95157259565215,1.5184288860235307
354,6.000343255433795,1.5203636114927064
355,6.048785937391548,1.5223033713853988
356,6.099716099685477,1.524249654714116
357,6.150916528991307,1.5262041918503493
358,6.204638632563594,1.5281682580661906
359,6.2573033326518726,1.5301418242790898
360,6.310265935428701,1.5321177663526953
361,6.362620378383936,1.5341099206952717
362,6.416208273248215,1.5361172673057537
363,6.468360507295385,1.5381248489091055
364,6.521128590187173,1.5401398435177605
365,6.57353350924364,1.5421553200675786
366,6.626952312644723,1.5441883380105454
367,6.679737889461057,1.5462264991168988
368,6.732372419195617,1.548265011647028
369,6.786876910228514,1.550308574034942
370,6.843126719934044,1.5523622467930336
371,6.897430044908399,1.554418763716185
372,6.952422346162198,1.5564756705495935
373,7.005999074814281,1.5585292129856743
374,7.058729485565655,1.5605751413271967
375,7.109407409538751,1.562625307845831
376,7.159439030749507,1.5646650884418225
377,7.211986027311087,1.5667135983365976
378,7.262499746265311,1.5687535040306322
379,7.313379153365045,1.5707876723043792
380,7.362622714924716,1.572825169858249
381,7.413325196413199,1.5748631116569376
382,7.464733438672431,1.576911099213803
383,7.516865071073469,1.5789553325346317
384,7.570740555341655,1.5810058394778619
385,7.625691751903264,1.5830527930898097
386,7.680765408911212,1.5851030515445848
387,7.735917116776387,1.5871647667328013
388,7.790341010577447,1.589219389747632
389,7.845106305058467,1.5912667277613863
390,7.8978087606091565,1.5933261439596735
391,7.950437893395957,1.5953884033192667
392,8.003512614209667,1.5974686567487928
393,8.057561454412477,1.599560930764019
394,8.113766831534551,1.6016514402622657
395,8.171871619419395,1.6037416429494746
396,8.231042856508049,1.6058357720595349
397,8.290755149141475,1.607937759376252
398,8.35005286440418,1.610042081717625
399,8.408349657659729,1.6121460855492526
400,8.464732926271779,1.614237943374165
401,8.520563561738683,1.6163294401106256
402,8.575705804675048,1.618434605442822
403,8.631807604640404,1.6205442619839812
404,8.688371345845114,1.6226632594411898
405,8.744175290263557,1.6247803711143083
406,8.80036930952463,1.6269072704289673
407,8.85590859691691,1.6290312507625295
408,8.91126245552069,1.631157868115848
409,8.967523954669536,1.6332964815273128
410,9.025153853542726,1.6354418089293974
411,9.082138856153794,1.637583111702433
412,9.138478403055144,1.6397393069625879
413,9.194361551007832,1.6418881872515718
414,9.251092431115403,1.644039003451722
415,9.309346044161519,1.6461991273452974
416,9.367540830575155,1.6483592487280114
417,9.424587139441284,1.6505183293176588
418,9.481367419537236,1.652682132654911
419,9.537700042581504,1.6548393754933888
420,9.594978055624203,1.6570097910043506
421,9.650177820767007,1.6591787586804334
422,9.705246539824559,1.6613619528911272
423,9.758263879781422,1.6635413325360464
424,9.810767790803492,1.6657212205533332
425,9.864406356174573,1.6678985537162754
426,9.918955339152683,1.6700861945503938
427,9.974900160470588,1.6722861094430332
428,10.03154392627281,1.6745053170443345
429,10.088015987633211,1.6767180086857147
430,10.146853447869592,1.678956982048103
431,10.203427607694895,1.6811736286011796
432,10.260760211515956,1.6834117455009239
433,10.318200018976823,1.6856499045796898
434,10.376453063824691,1.6879015214140762
435,10.433312459624117,1.6901428281959985
436,10.488432541891344,1.692376217290404
437,10.543420713174534,1.6945926365170672
438,10.598172315308494,1.6968140021346299
439,10.651516304267972,1.699029463568101
440,10.704455689644576,1.7012487821462934
441,10.757050958532664,1.7034654322188634
442,10.80995158012349,1.7056887676984673
443,10.860214642627298,1.707910083026717
444,10.910577647074144,1.7101298114450652
445,10.96351205147115,1.7123661936158656
446,11.019646586344262,1.7146317784888876
447,11.074272877188546,1.7168640492035505
448,11.126641975306521,1.7190811828574128
449,11.179003110314397,1.7213070580075323
450,11.230655457890466,1.723526543259487
451,11.282070448130762,1.7257519483698573
452,11.33157921135304,1.7279716186068423
453,11.382146730227564,1.7302046991059843
454,11.431030113038053,1.7324147948559592
455,11.478900297452645,1.7346176130892645
456,11.527234435841642,1.7368311574030508
457,11.5760565602568,1.739046984349109
458,11.625025380760482,1.7412660765568102
459,11.674220825607318,1.743485658594039
460,11.723521719856278,1.7456824942206688
461,11.770780106409235,1.7478597656545136
462,11.818092867867419,1.750033374534661
463,11.86616011242902,1.7522145452278481
464,11.914756806996825,1.7543994602295587
465,11.963519152458437,1.756582636633737
466,12.010272082537169,1.758765224303512
467,12.056623490912735,1.7609476798594785
468,12.103449585970177,1.763140638891764
469,12.153484630818374,1.7653691403732104
470,12.201347825523818,1.7675804664308963
471,12.250476167962653,1.7698082956915144
472,12.3004595871691,1.7720455423817458
473,12.350502887565817,1.774291365848438
474,12.399106069810955,1.7765372313866115
475,12.446633910514414,1.7787840705151534
476,12.496487440725653,1.7810420948381205
477,12.54363522361612,1.7832821440000808
478,12.588209289863785,1.785510519891226
479,12.634237449185761,1.7877523117503922
480,12.680290971507507,1.789997557875463
481,12.724013899291405,1.7922240092450081
482,12.769717428738478,1.7944706285060428
483,12.816827160414022,1.79673857354401
484,12.862656127878335,1.7989919998347608
485,12.911439216130937,1.8012573859380465
486,12.961311669175377,1.8035292167827994
487,13.013815825581043,1.8058272450510475
488,13.068585788353893,1.8081468197177888
489,13.12448677975456,1.8104729057206783
490,13.180257739587027,1.8128047748820053
491,13.235193715007675,1.81514889150946
492,13.28985667281464,1.8174928864581947
493,13.344871574188339,1.8198581514552117
494,13.399934334807137,1.8222319655357369
495,13.455152083537381,1.8246119601040127
496,13.511746298048832,1.8270066977710706
497,13.569333920874517,1.8294174520772684
498,13.627969559710275,1.8318271706848492
499,13.6870148008285,1.8342459655744217
500,13.745190789995872,1.8366491264473777
501,13.804125111059722,1.8390702936339394
502,13.86408617056123,1.841496366867324
503,13.924442855162365,1.8439375741691377
504,13.98590945682142,1.8463984282963244
505,14.048261968907495,1.8488632285219344
506,14.109264931953632,1.8513156665575201
507,14.173979127103987,1.853797308016531
508,14.237650102705029,1.8562739237678407
509,14.300932836955196,1.8587459308358443
510,14.36627444582608,1.8612393265937621
511,14.432071995092569,1.8637370858292666
512,14.495159239371787,1.8662035518019053
513,14.557875361489176,1.8686637145133322
514,14.62074172202216,1.871127342887051
515,14.684308805396665,1.8735821051524117
516,14.746233863100777,1.8760157675518785
517,14.806752961968666,1.8784337657911023
518,14.866367523435295,1.880816024176478
519,14.926018988586929,1.8832003265262822
520,14.988289996175961,1.885611655329607
521,15.050553156856585,1.8880231545588604
522,15.113900918642939,1.8904362682415259
523,15.17659145120057,1.8928115134589263
524,15.236477996135628,1.8951501935939712
525,15.29659745096353,1.8974778375554755
526,15.35661268217979,1.8997990224868107
527,15.416831800469096,1.9021230218651697
528,15.475912292710214,1.9044254272719008
529,15.534303341147636,1.906714831036055
530,15.593584237639664,1.9090087150248571
531,15.654649603758205,1.9113219156831647
532,15.71258052405686,1.9135935775902237
533,15.769594693233437,1.9158512982909341
534,15.825487814582209,1.9181035867437664
535,15.88036914171116,1.9203273803118202
536,15.936621045104838,1.9225550097478383
537,15.99272101543097,1.9247840004980734
538,16.043423808280835,1.9269630925113703
539,16.09478483536421,1.9291478195115395
540,16.145475482796915,1.9313064079013924
541,16.196713115292837,1.933473606827681
542,16.248080937217953,1.9356423785582224
543,16.30061264321809,1.9378236845065504
544,16.352933457928444,1.940007747500187
545,16.40599160567959,1.9422030359457112
546,16.455477339242954,1.944373120191749
547,16.504181703276515,1.94654445668523
548,16.55225464127339,1.9487052020674316
549,16.59954663717062,1.9508667150432297
550,16.64685724399087,1.9530279906351622
551,16.69581497766772,1.9552076709338084
552,16.74543356020724,1.9573893499467985
553,16.796288580615293,1.9595697904999263
554,16.846388704759214,1.9617463722634871
555,16.896573170839975,1.9639271466375
556,16.945700998121506,1.9660947277744794
557,16.991906863718857,1.9682390462518744
558,17.038438186888403,1.9703913086499425
559,17.083723381650607,1.9725342359125744
560,17.128333273468193,1.9746760097206957
561,17.174651656148892,1.9768352430450766
562,17.22097378500477,1.978982675799514
563,17.26715353117519,1.9811303820323976
564,17.31617641797859,1.9833045228355126
565,17.365242578332907,1.9854695657698802
566,17.414276229591422,1.987624520184626
567,17.463927978689565,1.989795585594731
568,17.51203092023922,1.9919478003172506
569,17.559305106019096,1.9940976299021476
570,17.60576441149579,1.996240911396808
571,17.65192270263843,1.998372508194816
572,17.696154125607364,2.0004801719977956
573,17.73903134289045,2.0025707071434264
574,17.781919256443317,2.004663316941813
575,17.823637103131386,2.0067379240387977
576,17.864170544159954,2.0088044079331366
577,17.90382707413421,2.0108739546584578
578,17.943275380915743,2.0129274223265723
579,17.981492954706834,2.0149648653440524
580,18.019654295865653,2.017007601257684
581,18.057469391798705,2.0190464920366087
582,18.094141496931115,2.021067375411922
583,18.128727092710385,2.023083428622442
584,18.16248741450618,2.0251012628568934
585,18.195698123282,2.027117818943804
586,18.229508110725792,2.029147047231994
587,18.263018939727193,2.0311786492384787
588,18.296177080158117,2.0332137309053184
589,18.328402925368394,2.035256043004796
590,18.359467369655743,2.0372854778501126
591,18.388862867426976,2.0392903902639503
592,18.418602182920534,2.0413017453124427
593,18.44880756680598,2.0433223938477276
594,18.47929429912833,2.045351446603674
595,18.51089232688833,2.0473928035023263
596,18.542295320344184,2.049445244214202
597,18.572747128527382,2.0514856284656577
598,18.602491545221014,2.053516206158936
599,18.633254588568995,2.0555625958452026
600,18.6645346566205,2.057611211193127
601,18.695412778998868,2.0596659741904286
602,18.72577630449317,2.061718263330328
603,18.756534539496364,2.0637616446188667
604,18.78716427258444,2.065815879566827
605,18.81794033173134,2.0678680746311584
606,18.84743700651826,2.069917286848427
607,18.874803291001054,2.071903037516917
608,18.901605142318054,2.073887712469967
609,18.929737080032965,2.0758877914284475
610,18.957898754373527,2.077882898421973
611,18.987328396699834,2.0798976989059383
612,19.01630050424216,2.081892274289543
613,19.0480094064517,2.0839274326310626
614,19.079272451601,2.08596592433431
615,19.111840203285272,2.0880358931810465
616,19.14610870374244,2.090116236340268
617,19.179871918928555,2.092184926807647
618,19.21353986235349,2.094258905194475
619,19.245444542498205,2.096321061419391
620,19.276836280164552,2.0983642854026843
621,19.309109103372844,2.100425569444768
622,19.343484722284078,2.102516587693929
623,19.37562191304649,2.1045978733169837
624,19.407042200117118,2.106671254605539
625,19.438493318690384,2.108748589644254
626,19.47070101475734,2.1108443778555808
627,19.502011214061508,2.1129512052237422
628,19.534360210365175,2.1150746449143547
629,19.567288384743545,2.1171980695700627
630,19.599290901585952,2.11931310184208
631,19.630620712659674,2.1214355677685517
632,19.660261064106333,2.123555381288014
633,19.690747749160092,2.1256922124663093
634,19.722527122248017,2.127845257134901
635,19.752719099367283,2.129991354184384
636,19.78348248896821,2.1321384228216096
637,19.812925784609074,2.1342777063548724
638,19.843277328294565,2.13645288617962
639,19.87453005063549,2.1386478941619145
640,19.907001246853042,2.1408588527767987
641,19.939706116739817,2.1430845242017367
642,19.971804488274934,2.1452974672047795
643,20.004479974246323,2.147521241817537
644,20.03647009181999,2.1497552985082957
645,20.0693873801392,2.151992783121062
646,20.101718015411663,2.154233292065645
647,20.13358800612971,2.156486703160163
648,20.165893252559087,2.1587523423744406
649,20.197988172708513,2.1610229341054197
650,20.22874977233196,2.1632775317714144
651,20.259393523414133,2.165539333930501
652,20.29087682708176,2.1678374836865353
653,20.32255710171717,2.170132215613496
654,20.352691000593158,2.1724258607461033
655,20.38276955160103,2.174722806513206
656,20.412444497652096,2.1770238688651697
657,20.443347521388986,2.1793600381520206
658,20.474915383023486,2.181693538524917
659,20.505968856359004,2.184031928615842
660,20.53730808898833,2.186379016506979
661,20.569335697837836,2.1887427794470646
662,20.6013219534829,2.191113153570919
663,20.634024947620524,2.1934823701085553
664,20.66701439376925,2.1958630126816576
665,20.700573141798387,2.198266089810925
666,20.733324929103397,2.200659807151227
667,20.767392142092497,2.2030747597860434
668,20.79978449210085,2.2054694528776504
669,20.831350344935753,2.2078590148029633
670,20.862510347715673,2.210233594958033
671,20.89325381891526,2.2126071543271477
672,20.924443335528945,2.2149829722849126
673,20.95777539711732,2.2173872582891776
674,20.989612361513363,2.2197677597665777
675,21.02158005327342,2.222140704690687
676,21.053725522215355,2.2245033906141685
677,21.08702013816861,2.2268793771765867
678,21.120215056855155,2.229254442659877
679,21.15327315749484,2.231598208321187
680,21.186090294729745,2.2339367851269167
681,21.217294922582624,2.236233688073221
682,21.248226870510035,2.238519701057322
683,21.278862656206346,2.2407880766059765
684,21.309715254076913,2.2430505965666314
685,21.338438899016634,2.245290607598745
686,21.367359820064593,2.2475381891219923
687,21.396781463192227,2.249800799029417
688,21.42846285947018,2.2520930442749267
689,21.460835872561542,2.2544072961976185
690,21.49306228111863,2.256729771829011
691,21.52422983437769,2.2590419322572246
692,21.555765887845485,2.2613518552427596
693,21.587285389283316,2.263669995601755
694,21.619181664562024,2.2659906600452886
695,21.65122627003185,2.268317996292538
696,21.68398104113304,2.2706516219796016
697,21.71833112570805,2.2730152105517183
698,21.75184529449877,2.2753654694357532
699,21.78499481142069,2.2777381669263552
700,21.818544176133233,2.280103239858525
701,21.853624723242653,2.2824997134106173
702,21.888838026925338,2.284906168257106
703,21.924045743491895,2.287317102281373
704,21.958446638589013,2.289721560403093
705,21.991532075594975,2.292106234020035
706,22.025213424801173,2.294516925246462
707,22.05865416814282,2.296919332213795
708,22.093000282117266,2.299360210412795
709,22.127762831861453,2.3018124300301896
710,22.16309472127651,2.3042757825608864
711,22.199227619472786,2.3067485157163006
712,22.237487851293874,2.30928523911195
713,22.276727078124775,2.311843232309968
714,22.315600903373177,2.314406967663854
715,22.354145054330495,2.3169760273369264
716,22.392201120269746,2.319551894248883
717,22.430986579090415,2.3221410782469456
718,22.47017993354139,2.3247456561460558
719,22.508719056289713,2.327346260724234
720,22.547605294243294,2.329952981193701
721,22.585619137486216,2.332571544557697
722,22.623950354011022,2.335199231647257
723,22.66381554800659,2.3378345975243406
724,22.70407119369096,2.340495503621801
725,22.74367471824434,2.343163527279487
726,22.782847647828685,2.3458297084711206
727,22.821922039040967,2.348501189735046
728,22.86211854137897,2.351208378655666
729,22.902966226119197,2.3539359281561754
730,22.94307164713256,2.3566542951640965
731,22.983215187817102,2.359381754989384
732,23.022823387001115,2.3621057358249065
733,23.060034071516665,2.364804276997716
734,23.09528469076446,2.3674755549371427
735,23.131246795542403,2.370175030896028
736,23.168921031249862,2.3729144183796906
737,23.207704994131557,2.3756625203415314
738,23.24739672433388,2.378443888398015
739,23.288755034189656,2.3812589846260814
740,23.32801130817368,2.3840571483845245
741,23.368773273001217,2.3868783150552635
742,23.410369233806257,2.3897208243794745
743,23.451839485815167,2.392563487478884
744,23.493407849639077,2.395402650287506
745,23.535386716467666,2.3982521132304084
746,23.576691584674787,2.401110732560425
747,23.618158630427107,2.4039754448730055
748,23.6598004270881,2.4068436207930204
749,23.700007145327618,2.409697483554738
750,23.738620314333026,2.4125374415976735
751,23.775173834049724,2.4153551012001016
752,23.812563528468313,2.4182009645139066
753,23.850839650754484,2.4210762850924827
754,23.886871046943686,2.4239225484166393
755,23.92392379118247,2.4267642969541314
756,23.960052967857603,2.4295864321650598
757,23.99486397065138,2.432401077181228
758,24.031715405696833,2.4352623849537163
759,24.07076022296138,2.438150314689344
760,24.11032202323225,2.441070633744751
761,24.148289316298722,2.443951313141818
762,24.18596894305436,2.4468290952568545
763,24.223522100432245,2.449694241853384
764,24.261127655257887,2.452553095932813
765,24.29838627880719,2.455441305424757
766,24.33596954807136,2.4583301914416262
767,24.37330602415164,2.4612446780415205
768,24.409948626331758,2.4641483464074474
769,24.445992950137633,2.467046558338497
770,24.483792172657974,2.4699717854435033
771,24.520275794810093,2.4728824222252697
772,24.555663596333876,2.475783122677192
773,24.59054152068151,2.4786695370765726
774,24.62606729790792,2.4815830742101057
775,24.660521883519653,2.48447372990798
776,24.694438234056367,2.4873480640265013
777,24.728580203684736,2.4902256790725947
778,24.759747208639087,2.493027317301637
779,24.790949690475443,2.495851616775262
780,24.82171838415946,2.498689043775772
781,24.852315391731192,2.5015488663824224
782,24.88308581404368,2.5044029438900606
783,24.913844536893176,2.5072599746025763
784,24.944820062503943,2.5101190668265416
785,24.97754920428232,2.5130094016297257
786,25.011484335535478,2.5159370477392566
787,25.0452732588393,2.518891960623159
788,25.078454760631935,2.521841257261771
789,25.11060991951319,2.5247555184409696
790,25.14179392110123,2.527677830630718
791,25.172956268567322,2.5305943352816818
792,25.20526242152739,2.533546748245825
793,25.238039570905418,2.5365168465530568
794,25.27110044092744,2.5395137376594135
795,25.305112876205957,2.5425440825676406
796,25.33932762702773,2.545579916229496
797,25.37304838246731,2.548628743492632
798,25.405803317035623,2.551658922648753
799,25.438742601411224,2.554683380341722
800,25.472276935483094,2.5577183768876943
801,25.505398075895375,2.5607681546900585
802,25.539524103080527,2.5638391053462812
803,25.572805005645336,2.5668731105036438
804,25.607768671798464,2.569935928187373
805,25.642559554224306,2.573003866027987
806,25.6776031683535,2.5761023665418143
807,25.712854013084,2.5792045318509325
808,25.748075331096153,2.5823103169117276
809,25.782707761154498,2.585371849003707
810,25.817736003033133,2.588491248933371
811,25.85242067082713,2.5916146253001595
812,25.886668642327134,2.5947296780112326
813,25.921481590557196,2.597857694696442
814,25.95454023987087,2.6009578658993546
815,25.987722731022906,2.6040631831549788
816,26.020561725767372,2.6071839546638977
817,26.053817983340267,2.610328029493702
818,26.0868485785193,2.613463709580553
819,26.121673812451,2.616671868622151
820,26.15699839065633,2.6199226312388135
821,26.192852783823135,2.623188384064087
822,26.228942748012276,2.6264568483440867
823,26.26522334642683,2.6297321660412525
824,26.303697905575405,2.633080727418149
825,26.344135388729246,2.6364938440096886
826,26.384187690448147,2.6398968252967734
827,26.424379792682547,2.6433120982218634
828,26.46515145107685,2.6467610850983445
829,26.506058941044916,2.650230077804477
830,26.54540797417206,2.6536914717623548
831,26.583126510087162,2.657121418237446
832,26.621429135415628,2.660570002340497
833,26.65960221584818,2.66404105368015
834,26.698440784214238,2.667533250027162
835,26.73646622472042,2.6710329442009906
836,26.774424468760948,2.6745896202766115
837,26.810985606220658,2.6781304249569917
838,26.848687046027568,2.681686707893722
839,26.88638650777783,2.6852646770546955
840,26.92473360080751,2.688868844342265
841,26.96348463288543,2.6925248742018737
842,27.001444855633153,2.6961876077544082
843,27.03739822343634,2.699817168062679
844,27.074622906532213,2.703498887210462
845,27.112657962490328,2.707221104303572
846,27.151679424725373,2.7109774367502575
847,27.18767274152131,2.7146845537184947
848,27.223063354490115,2.718371431829379
849,27.25853362292033,2.7220627671871136
850,27.293639103780123,2.7257442139861325
851,27.32806159333003,2.7294328562434482
852,27.36564291396205,2.7331979667797746
853,27.403581168610334,2.7369879668826154
854,27.442836202228932,2.7408033949063975
855,27.4825119551785,2.744652863359927
856,27.52224264802893,2.748511025605699
857,27.561765576086835,2.7523917571439367
858,27.60287996708101,2.75631722763023
859,27.64461107096403,2.760270802756808
860,27.687905772031193,2.7642936601919694
861,27.73224533976898,2.768354760684574
862,27.775739216834626,2.7724249460988273
863,27.816979023826857,2.7764478292299337
864,27.85901454362181,2.780553339285552
865,27.90210690448482,2.7847163169857305
866,27.94454629440372,2.7888596311145775
867,27.987122463776245,2.7930611334172513
868,28.02982787425444,2.7973078004727516
869,28.073152982745295,2.801586978174538
870,28.115474351704144,2.805836846198862
871,28.158314359479657,2.8101579493525244
872,28.202115546700618,2.814541208085805
873,28.245984927815698,2.8189755591035
874,28.28884762624235,2.8233781542247307
875,28.32997698961714,2.82776879980355
876,28.37054282465468,2.8321852814041524
877,28.41152422938367,2.836599522501768
878,28.451842459334024,2.8409993400815736
879,28.49245552149624,2.8454457062028475
880,28.53326054713599,2.8499361686719067
881,28.57507783680236,2.8544219400920086
882,28.616642280836455,2.8589223590195303
883,28.657685071994823,2.8634185803732883
884,28.698368316333102,2.8679146187318825
885,28.736946755681323,2.872355457190008
886,28.77702292324949,2.876810407310228
887,28.817142042440683,2.88129038115619
888,28.856895590982184,2.885793886909594
889,28.895276771213442,2.8902315525181472
890,28.936216466344312,2.8947635164745633
891,28.975588761426707,2.8992223984142678
892,29.013804061487328,2.9035271152125914
893,29.053917560485523,2.907795550293955
894,29.09530214103152,2.91205654878506
895,29.13589617379012,2.916234863295979
896,29.180828957141745,2.9204316848221126
897,29.227342978188137,2.9246021098039905
898,29.271350430099456,2.928624073490365
899,29.314923682462258,2.9326170040273905
900,29.355922195511656,2.936450817380008
901,29.39622111548639,2.940133046400634
902,29.434342877838507,2.9436352894090416
903,29.473250825326815,2.9470607889320104
904,29.511266251723363,2.950397651938829
905,29.54781797926245,2.9535532502992634
906,29.58103260358754,2.956529918808765
907,29.613058010311004,2.959377039815684
908,29.643183790118353,2.9621213411872436
909,29.67159140194608,2.964751359747667
910,29.698951414807155,2.967241443722417
911,29.725651528874835,2.969555678398707
912,29.750205978681684,2.9717748356064466
913,29.774977409176202,2.9738455497047465
914,29.795256894421968,2.975768075462171
915,29.811711469277753,2.977482975575372
916,29.830354669673035,2.979215306760132
917,29.850452621171215,2.9809151188177094
918,29.865958788779313,2.9823752775944214
919,29.878507967681177,2.9837060802220408
920,29.890733738551454,2.9850002095136334
921,29.902270569617055,2.9861542915698007
922,29.912701358951814,2.987220564033765
923,29.922037563570523,2.988204006308245
924,29.92963189908248,2.9891088943303714
925,29.936008941117777,2.9899081180597973
926,29.94138630192584,2.9906297438942873
927,29.947443089277257,2.9913106415261184
928,29.953615154523835,2.9919782146618097
929,29.959366771528845,2.992609059128667
930,29.96517027498862,2.9932065699167127
931,29.970020524930682,2.993763809766132
932,29.974022853472587,2.994230495146284
933,29.978316097239226,2.994658266173398
934,29.981361628726795,2.9949880123029464
935,29.983636524378134,2.9952839110497065
936,29.986117586259738,2.9955815929890774
937,29.98841073860278,2.995854513178896
938,29.9900189364495,2.996098028236889
939,29.99170131662097,2.9963433491755977
940,29.993348801789253,2.9965831397800717
941,29.993830176028997,2.9967833061559426
942,29.99483617872782,2.996993608113002
943,29.995429987839074,2.997180246768396
944,29.996486173039976,2.9973285151259916
945,29.997290855819426,2.997465016983296
946,29.998066058475626,2.9975989357932775
947,29.99846692358851,2.997718775575227
948,29.998769575088154,2.9978364554409134
949,29.998818808087535,2.99794428688136
950,29.998852960471567,2.9980502529015745
951,29.99889622435739,2.9981555180180273
952,29.999224414735693,2.998268543212409
953,29.999542263827202,2.9983803879825777
954,29.99995814291452,2.9984892318087413
955,30.000422549988684,2.998589291135018
956,30.001009895871736,2.9986919800158884
957,30.001794366849655,2.998795750463862
958,30.00283274260845,2.9989041845552173
959,30.003839917773192,2.99901148589021
960,30.00481170016297,2.999116902929568
961,30.006062102898365,2.9992146287594488
962,30.007217596889504,2.999304801681465
963,30.007983573564037,2.999379230443657
964,30.007686467572046,2.999414767709997
965,30.007567814126965,2.9994536252976625
