反復回数,∂J/∂θ,∂J/∂s,目的関数J
0,-53763168.0,-1684807836.0,877292.0
1,-53303112.54862387,-1684824586.175033,877292.0
2,-52843058.76605664,-1684841129.430961,877292.0
3,-52383006.64627646,-1684857467.1704495,877292.0
4,-51922956.1832896,-1684873600.7861335,877292.0
5,-51462907.37112984,-1684889531.6606956,877292.0
6,-71193748.35493894,-1641521413.8618646,876809.0
7,-29933189.594371144,-1628035582.6666875,879274.0
8,-33325419.403948203,-1660606742.9686766,879549.5
9,-38359216.50730163,-1667157895.6360502,881373.0
10,-36975555.55201019,-1665203333.437754,880556.5
11,-35885550.57141114,-1654394841.9228203,879850.5
12,-37293390.27719562,-1668254922.86415,881035.0
13,-34104859.19991843,-1670331340.0407243,882064.5
14,-32738135.93728119,-1665852922.5564048,882867.0
15,-32835556.687849514,-1664946190.3936677,880457.5
16,-32871668.016556323,-1658445928.2409205,881432.0
17,-32104072.074549414,-1654604758.4381351,883048.5
18,-24166888.073495567,-1643278100.5994859,883319.5
19,-34718116.203091264,-1614334398.1525016,883411.0
20,-25076257.353135467,-1617211384.2691536,884258.5
21,-24234735.29309629,-1623511224.125671,882434.0
22,-22662811.21857777,-1631878873.502061,881040.5
23,-21310740.418213952,-1637951769.335988,882193.0
24,-25881241.505888388,-1618708092.4935815,880592.0
25,-32939510.837219518,-1615279960.8479385,879079.5
26,-27212084.712401353,-1610015042.206634,879917.0
27,-22545263.16775317,-1611684040.376429,879531.0
28,-22926119.52415241,-1611613931.019599,880154.5
29,-28556160.957189325,-1623076914.3379812,879358.5
30,-30136330.106300656,-1633438361.9986682,878343.5
31,-27000580.062835887,-1630076385.0680213,874668.0
32,-26496264.771669902,-1618337812.0263402,876679.5
33,-27585548.404310074,-1614403271.7528741,875372.0
34,-23594863.293478843,-1614487737.6067843,878463.5
35,-21207356.54429172,-1627389569.0999975,880080.0
36,-22261255.965309523,-1619970360.2576613,879243.5
37,-26214822.640474476,-1613124925.8933206,879703.5
38,-27831772.04915178,-1618449151.4538484,881078.5
39,-21326228.04877311,-1601390494.9426746,883271.0
40,-21197475.82219889,-1593467706.6573925,882288.5
41,-27608043.778582476,-1611251523.8559074,884599.0
42,-29353564.98151654,-1623103589.0218897,884486.5
43,-31197604.084242072,-1621269622.4509888,885161.5
44,-27889165.848874785,-1629647021.1959727,887309.5
45,-30069288.99582258,-1627948324.955669,886007.0
46,-30740222.86152162,-1627814517.7633238,885629.0
47,-23217268.47591562,-1634292270.5656528,887140.0
48,-26811345.57849931,-1644945475.9369857,886650.0
49,-23931823.99140148,-1646179917.131538,885245.0
50,-24343042.399112195,-1652228494.0683334,884152.0
51,-31359535.480777092,-1649864741.9017625,882755.5
52,-22357460.714179285,-1619071336.046689,883477.5
53,-29179745.791913517,-1594572804.4401999,882319.5
54,-32440313.47561323,-1575379061.8337536,887140.5
55,-34201644.27504663,-1574459981.90274,886159.5
56,-32261860.867064867,-1562019533.5895424,887267.5
57,-32070597.8434019,-1564200967.792079,887641.0
58,-29748309.1999747,-1564027711.450906,889736.0
59,-28948214.583188087,-1569946289.998126,891449.0
60,-33577937.400706165,-1558498981.5017881,891054.0
61,-32263718.015891142,-1557776264.1036496,889132.0
62,-33856741.59397699,-1560805509.7413874,889464.0
63,-37825230.17510413,-1555687948.9869864,889004.5
64,-38426330.316798404,-1551077781.814179,888413.5
65,-35392395.349518724,-1549881240.3127909,888685.0
66,-35310803.26559809,-1548473991.7037735,887033.0
67,-37102288.15575378,-1567152402.8765123,885512.0
68,-28706101.448771704,-1564078093.4007053,888639.0
69,-27785467.363455646,-1562621629.2962012,888227.0
70,-30628114.502050757,-1561001868.1490626,887875.5
71,-29416089.74917473,-1532098696.7156425,887408.0
72,-32432310.49599675,-1531009583.0567782,885639.0
73,-32611170.24240142,-1532844144.8399353,884828.5
74,-37455993.97435291,-1532373577.0641143,882971.0
75,-40034872.27012481,-1541938322.959416,884734.5
76,-37398102.41164757,-1552792390.648603,884398.5
77,-37862047.689816505,-1556800999.4991803,883376.0
78,-43678532.43827465,-1555277051.9701118,883364.5
79,-39756276.51886025,-1549549045.966022,883280.0
80,-28798044.29277411,-1559541718.2849627,881983.5
81,-27139256.652092874,-1565661694.8845563,881307.5
82,-21416602.584839433,-1561002460.2408352,880791.0
83,-13406235.209006265,-1543457833.4650588,882090.5
84,-8475413.81851682,-1542897096.7643151,882890.0
85,-3036357.824415043,-1527971766.2281783,882753.0
86,-15829124.843763351,-1502001822.0848193,882420.5
87,-12301512.397117764,-1517320299.9209788,884381.0
88,-11488873.105791733,-1516791980.193973,883145.5
89,-3097625.4057427943,-1517249700.7914057,883458.0
90,-2367620.1441690326,-1524587564.7911677,884105.0
91,-3500440.9446008503,-1522122895.11341,881893.0
92,-7834145.213243246,-1512051537.32585,881611.5
93,-5027131.309569806,-1509267040.5711284,882103.5
94,-5041974.647511512,-1498189100.0213184,881890.5
95,-4816165.541362911,-1489700300.0471163,882492.5
96,312559.8183826208,-1498617026.548971,881467.0
97,1870000.1227611601,-1496223325.3197773,882299.0
98,11978797.90937069,-1495540284.5001035,882765.0
99,14645707.902123809,-1485389142.0337172,883704.0
100,11059033.304118514,-1482953926.5377793,885253.5
101,15924773.58560133,-1472513034.604602,885208.0
102,16334956.18551442,-1487662609.244573,885495.5
103,6346982.1286049485,-1487054915.5800166,885376.0
104,528369.0590460598,-1469362745.4507174,886322.0
105,13382355.134631276,-1468883735.9703648,887086.5
106,17473211.806319624,-1480663761.4817858,887064.5
107,15913931.188397855,-1475084873.6441584,887783.5
108,12156673.74623701,-1479980952.2697072,888348.0
109,9413688.399827152,-1469669668.7597113,889655.5
110,7803436.782421559,-1472294361.8298995,887564.5
111,2523712.4542092383,-1482147127.8023293,889005.5
112,19252.912395745516,-1470879538.5929618,888713.0
113,2424290.5759960413,-1472204760.3899474,889101.0
114,2550600.6118911505,-1466745304.7842803,889850.5
115,-2683635.5319025517,-1465022564.7380412,889272.5
116,-1294399.5099599361,-1448554859.2841268,887829.0
117,2152460.060295284,-1444635403.1468868,888861.5
118,12364731.705506682,-1451893045.5572004,887302.0
119,11623435.712288141,-1453928644.3886013,885113.0
120,13859831.703502715,-1443523599.897134,882317.5
121,19542484.920713067,-1438857305.88102,883928.0
122,17341932.121632785,-1426174435.4597116,883724.0
123,27495161.88541138,-1435437232.7900715,883215.0
124,35535442.53094989,-1450675969.7591434,882755.0
125,41449655.70326802,-1478050272.5064907,884006.5
126,35111550.12833229,-1476376853.875751,883129.0
127,32979106.920849502,-1468537600.1576145,885699.5
128,37421845.33472219,-1471125221.548595,885773.5
129,37635529.19516596,-1479640892.0498586,887061.5
130,40874646.693908095,-1470359331.5783334,884349.0
131,40295215.4449985,-1467363172.3739529,882698.0
132,37130189.53197542,-1473608161.8425112,884059.0
133,36565519.60455799,-1473704040.224422,885490.0
134,32683380.08687693,-1462449840.2444367,884155.0
135,27735187.6561819,-1463737153.1053524,885259.5
136,26883728.015204787,-1468904677.2342606,881698.0
137,29169385.608603954,-1461251312.5686364,882141.0
138,31991997.603908896,-1466976878.426857,881745.5
139,28033808.149437696,-1473240458.4656882,882094.0
140,27707246.321267396,-1464342936.9515185,882800.5
141,33638652.08429393,-1475542753.2285295,883012.5
142,29480322.484691888,-1473708911.796709,883119.5
143,22642504.185419053,-1471638567.8314362,884440.0
144,18765577.061794728,-1470952458.6929848,886082.5
145,27823464.73494637,-1481989730.2788506,885866.0
146,21421296.76469958,-1470705886.0172856,886545.5
147,24224476.45482999,-1470114434.6615329,886756.0
148,24348742.07986206,-1472562729.5411952,885990.5
149,23097826.855014324,-1458837166.8824668,886582.0
150,21070384.060117066,-1452385822.691082,888270.0
151,28034365.2631613,-1454327741.3698142,888316.0
152,23358192.17521751,-1456013583.2645068,889454.0
153,23760444.179396868,-1466745945.1040716,888150.0
154,27271028.5777483,-1472929687.1680593,887224.0
155,29468033.70508623,-1469631717.5187821,888278.5
156,27434705.396895945,-1469486822.3520432,887612.0
157,24606991.576897204,-1473978252.1743064,887607.5
158,20707927.05276239,-1462917999.2539973,886855.5
159,22584621.045615256,-1471617760.2804174,886740.0
160,24197381.83508563,-1456479896.5459924,887349.0
161,21557697.666653812,-1458617358.8683925,887970.5
162,23230904.692605734,-1474603298.2335634,888411.0
163,26800232.762560666,-1450406974.2594955,886537.5
164,28872642.7631613,-1434027784.0728025,885019.5
165,27435801.21142775,-1414022309.8346846,884489.5
166,32295156.32267773,-1415743425.4314723,884178.0
167,20210313.379532814,-1405965366.6412015,885047.0
168,20300220.969174147,-1411935272.4737864,883247.5
169,17024020.32152784,-1415386710.025731,880530.0
170,18539379.659864187,-1413375666.8853676,882034.0
171,19313921.47339332,-1412075328.4321947,880486.5
172,20485138.936481297,-1403681692.5203319,879544.0
173,16483382.961268663,-1405073182.1613636,877095.5
174,14022559.778886676,-1399170220.8729281,877214.0
175,11389605.28800112,-1395996535.2301807,876915.5
176,8147159.763171613,-1378254652.999963,878237.0
177,14413566.276735425,-1388949776.8528938,879294.5
178,8901011.56302327,-1378339635.1259553,880266.0
179,3900346.464904189,-1375537733.6471674,880407.0
180,6362683.522733867,-1372506392.3235931,881614.0
181,6378892.414375603,-1372144027.0979333,882341.5
182,9577955.000488043,-1384305341.2220726,885490.5
183,8729428.123318136,-1389305554.4787364,886325.5
184,6903278.028312802,-1391873560.3522093,887669.5
185,4961710.279728472,-1392428492.4536657,887333.5
186,1382338.6069227457,-1385553793.765343,888468.0
187,1343019.6573156714,-1391153097.7574887,891604.0
188,924659.8562085032,-1396842771.778736,895476.5
189,1021518.020868361,-1398770089.5202324,894573.0
190,7647961.854432702,-1396963432.9590006,894281.0
191,8671018.58761388,-1392409596.179359,892909.0
192,5941776.323706329,-1403874253.3056917,892785.5
193,3282956.878423512,-1388074820.6462252,892996.5
194,9365266.816569328,-1386945455.6554785,892919.0
195,4432449.380196989,-1396193914.520743,892281.0
196,8320784.066948056,-1393147580.614956,892153.5
197,1401208.8786800504,-1396364763.0005126,893329.0
198,9659802.062463343,-1408070899.2098784,892446.5
199,10232842.579620361,-1410556487.730794,892249.0
200,6985294.132991612,-1415553692.6156015,891671.0
201,6683692.362114847,-1410461215.3316917,891154.0
202,10175172.000338316,-1423292235.5842333,891746.5
203,18620737.071971893,-1433283958.396634,894097.0
204,19968786.95156163,-1423402239.8789382,895570.5
205,19512590.378320575,-1423991447.1531358,894132.5
206,26791197.119874835,-1432573039.6061513,893852.5
207,26023555.780655384,-1440648793.7499273,893577.0
208,9721042.168997943,-1419746636.1722655,894434.0
209,4709556.904402256,-1405927655.9800076,894611.5
210,-3052150.361233115,-1402961440.0848322,891917.0
211,331798.91975170374,-1397385831.5437965,892696.0
212,-8602693.082647204,-1394068314.4957957,892730.5
213,-9683904.893675625,-1384139379.670907,894759.5
214,-6698520.141002238,-1389335302.1276298,895188.0
215,-5963018.779879749,-1388385978.9745283,895569.5
216,-4761346.115476131,-1412917535.9725199,895532.0
217,-790230.7580848336,-1412812502.5427246,895168.0
218,-8148561.548541546,-1413957004.2150617,895734.0
219,-6263119.825328529,-1431664467.2099397,898144.5
220,-16059562.10402602,-1420400408.7799554,899943.0
221,-21479237.979176402,-1396835198.3776832,897214.5
222,-18778098.558043838,-1371965647.8376288,897425.5
223,-15133231.202224612,-1353479039.9610143,896460.0
224,-31599836.871967435,-1354765724.994639,896468.0
225,-33516075.47367519,-1356074501.9348714,896372.5
226,-36536282.472955585,-1361749768.8215222,896368.5
227,-33958644.27889609,-1359186840.526738,896837.0
228,-23437184.001023114,-1350863064.024764,897719.5
229,-22715074.713481784,-1341211652.1752586,898620.5
230,-21762025.19016677,-1329124373.5230927,900939.5
231,-24669628.319553673,-1333519390.337758,899134.0
232,-20292601.332482576,-1329588500.2039218,899171.5
233,-18409714.146925926,-1339297206.1757646,899885.0
234,-17155399.065343976,-1334566065.7711518,899209.0
235,-21363922.363833964,-1331087685.9585285,896701.5
236,-18553261.185899496,-1339453789.3398297,899119.5
237,-19481303.81921172,-1340375700.6544623,899662.5
238,-14029606.485500157,-1338166099.2357774,899021.0
239,-10697374.69187808,-1347963298.7710755,899327.0
240,-18467056.819714367,-1349224911.7059274,900165.5
241,-15997721.052407801,-1347023760.7645729,903212.5
242,-16979471.68239194,-1329112006.3625817,903282.0
243,-19779860.8628546,-1323644062.5086706,901602.0
244,-6633062.3646377325,-1305799202.559763,900290.5
245,-2473599.144624412,-1296810361.3272817,900829.5
246,-7250124.377034545,-1294638668.3783996,898850.5
247,-1497236.7561024427,-1329908177.0012007,899971.5
248,-2034694.460536778,-1347571987.8909583,900678.0
249,-3559545.4904800057,-1338452006.6944644,901741.5
250,3046920.666044116,-1333771057.8879156,900758.5
251,3343475.9671821594,-1301541530.2782154,900256.5
252,-1099991.460028112,-1298327277.1719108,900068.0
253,-3004590.43335706,-1304094386.4469013,899261.0
254,-3380990.598369658,-1299879145.2236776,898272.0
255,-7595387.849066615,-1305204125.7296534,898743.0
256,-19409199.450252652,-1304193044.4621449,898614.0
257,-25288070.998642743,-1301158665.3238606,899177.5
258,-28393244.082447946,-1296755389.1126847,898448.5
259,-22892229.86321056,-1271303091.315774,899520.0
260,-19292611.57043892,-1236255828.553445,898179.5
261,-31851585.955894053,-1188986950.6489217,897042.5
262,-30783064.29805261,-1174736616.7053618,896606.0
263,-28556153.603647172,-1164351398.0500836,897378.5
264,-21214806.211130083,-1160384960.041186,897191.0
265,-26316994.623363495,-1168806497.6882741,897795.0
266,-25010361.531762302,-1188014066.1797652,899656.0
267,-27237178.265101254,-1191868627.3146627,899653.0
268,-26637951.313284397,-1172845666.809177,900615.5
269,-23976656.729457498,-1178755546.4822702,900396.0
270,-16363833.137335896,-1196379613.4481351,900254.0
271,-18466564.55425322,-1204679089.499975,899235.0
272,-16583323.135620117,-1182912920.258959,899601.5
273,-21346544.281207502,-1179441057.8901036,900682.5
274,-22379957.89622754,-1193541372.7807,901796.0
275,-24285182.47990614,-1196068940.7914538,902496.0
276,-24931485.906130552,-1184267071.3389935,901422.5
277,-27062206.31504035,-1176523595.3202257,902359.0
278,-29432433.77093047,-1154157966.945602,902552.5
279,-25854419.956332624,-1135322490.8135753,902399.0
280,-33048157.007920563,-1134145716.9682894,903459.5
281,-29731548.06092733,-1122401658.2701318,903596.5
282,-33567232.811387,-1094080712.4777095,903999.0
283,-33197248.664730966,-1085909383.2059877,901326.5
284,-34334147.214031756,-1075128465.4131355,901675.5
285,-41185262.93345821,-1072462561.6918634,902094.5
286,-41971513.399393976,-1069642856.0874151,901126.0
287,-46736721.518785596,-1059887273.9873437,904246.5
288,-49244158.75672597,-1060846079.3126204,904399.5
289,-46493962.36976713,-1066032389.7746263,903104.5
290,-43324351.74370617,-1056081972.7498858,903254.5
291,-47134115.16331768,-1060109619.1201547,901574.5
292,-47760642.542672694,-1055409404.4679244,902121.5
293,-40024875.07155913,-1052351662.4787349,902334.0
294,-36460377.013768435,-1064001052.2179706,903725.5
295,-34442781.817136645,-1038145749.7896247,901427.0
296,-37036145.0048542,-1033444155.4524734,900162.0
297,-29488653.46164888,-1030033594.2884712,901072.5
298,-28895118.00566256,-1041445210.3580849,898770.5
299,-28525792.726917803,-1049557159.9526523,898472.0
300,-31112145.498506904,-1054398565.9721689,899664.5
301,-35857139.64391327,-1051081359.5275937,899727.0
302,-41509712.106678784,-1045818950.1347879,899808.0
303,-47899538.95124942,-1037303281.0944898,898778.5
304,-36721176.94779575,-1072288651.8227286,899640.0
305,-43361757.752143264,-1065909286.9004769,902052.5
306,-49990108.02322698,-1082187736.705899,901432.0
307,-54961779.007249415,-1082357760.6292496,900601.5
308,-54228071.24372554,-1085213665.254976,901480.0
309,-60823827.719364405,-1085208908.2874265,901371.0
310,-63523221.7756567,-1085575287.2248893,902067.5
311,-56058966.467268705,-1089476431.5334754,903008.5
312,-66854923.22632319,-1076627272.381693,903961.0
313,-64969239.06421083,-1068250081.1823231,904609.5
314,-72727465.24334991,-1054260123.6129597,903837.5
315,-70234070.01857793,-1052533874.6330354,901885.0
316,-70485418.71521819,-1050619705.3120186,900312.0
317,-75101853.2630409,-1053388864.7926338,900075.5
318,-72293876.47917914,-1058588897.1727313,900981.0
319,-71306065.63165176,-1061422753.2699885,900821.5
320,-70979734.52234119,-1062760201.785847,899998.5
321,-71689035.8228938,-1076394019.4384282,902227.0
322,-72384128.31838852,-1074107209.510547,902499.0
323,-71264855.48594868,-1081235237.6549456,902244.5
324,-74419648.25567853,-1082949604.2088475,903228.5
325,-69954656.09365898,-1084336399.0995893,903313.0
326,-69461148.9362874,-1101889590.0079365,902625.5
327,-66999132.91980392,-1102463772.031926,901476.0
328,-68219217.08579987,-1101317936.3788636,900304.5
329,-77970734.90330994,-1099028631.387318,900118.5
330,-79548914.08140379,-1099076020.7373445,901576.0
331,-85174213.72595733,-1105141190.8937922,899020.5
332,-84603810.76038897,-1097810873.3692687,901909.0
333,-83415636.74110067,-1097864253.4194107,901541.0
334,-87347492.09570545,-1094096160.1605837,899752.0
335,-82473748.98772115,-1097738335.1935086,899923.0
336,-82676754.75759298,-1086570689.7964845,900755.5
337,-81442761.99750614,-1089297336.1519287,900650.0
338,-82378197.85093737,-1081480345.469792,899464.5
339,-80819441.06799829,-1078136673.2885149,900286.5
340,-77161354.5951103,-1077152463.405494,899431.0
341,-83195812.00881487,-1072256246.1157737,902437.5
342,-89316162.52002186,-1083047976.2476122,899783.5
343,-85344781.82890576,-1087831087.5488288,899182.0
344,-86545552.81540191,-1084919987.3245876,898771.0
345,-88573207.57742113,-1093882853.9162529,899186.0
346,-83574753.33994842,-1095551412.2488496,900135.5
347,-78158719.28552347,-1103573584.491238,899443.5
348,-77603057.59014481,-1106101807.4392502,898076.5
349,-75218650.8977248,-1117283180.5316849,898958.0
350,-81227731.07916254,-1125914408.5589182,899080.5
351,-81251804.46951222,-1123390168.6667657,899294.5
352,-73199635.4243834,-1146436419.6292446,898309.5
353,-72547464.30305642,-1143665740.7167525,900021.0
354,-49857380.61386323,-1156386207.5682743,899731.0
355,-47260162.99272692,-1157829952.6557274,899721.0
356,-51623065.90098417,-1168481814.11808,897731.5
357,-55028822.62703186,-1164799915.039906,897737.0
358,-55310917.13574314,-1165534569.3415287,897215.5
359,-57580874.66336012,-1165151721.1719122,896860.0
360,-63960707.84061384,-1169670834.0433202,894645.0
361,-61804538.76775372,-1172484105.7792866,894487.5
362,-61578709.34901059,-1180673446.2487035,893899.5
363,-63179330.89822662,-1176971968.204484,893709.5
364,-54681088.324229896,-1191248872.173912,892574.5
365,-48026261.35421276,-1208436799.7095098,891624.0
366,-52567714.50451839,-1213220922.4752364,892977.5
367,-49688763.37277186,-1226321971.5493965,891895.5
368,-42901861.301728964,-1252074130.096958,892066.0
369,-40297579.152223706,-1263305681.7694206,891481.5
370,-38149865.54858145,-1273979353.925164,890416.0
371,-32213399.34928742,-1283200270.5244753,891081.0
372,-27982503.56621921,-1287895861.55642,892004.0
373,-24228101.536211163,-1287911054.4262478,891074.0
374,-18817813.71992907,-1314307278.9064202,891077.0
375,-14620525.927091897,-1327799840.6298795,890487.5
376,-20915008.948346615,-1343267814.532687,888828.0
377,-27137891.287535965,-1343293542.6128027,888214.0
378,-25594570.50472665,-1332096064.2695951,888880.5
379,-21932582.340278268,-1320873034.8374093,888669.5
380,-27229111.51642722,-1319409043.1873825,889806.5
381,-29371276.55464375,-1318812869.2961302,889195.0
382,-35970803.5618217,-1321346887.0121584,886970.0
383,-38063429.502542615,-1322778676.5563152,887885.5
384,-35451583.540417194,-1333168289.9104939,886982.0
385,-35255991.48805416,-1333375938.0066843,886898.5
386,-24533287.047044992,-1336545563.0104976,888916.5
387,-27546383.53745395,-1354485202.6283605,890572.0
388,-21454034.106890976,-1366277749.4569306,889304.5
389,-15295649.961922884,-1376564706.1161184,888627.5
390,-14979676.423294902,-1389520225.128956,889504.5
391,-11417461.842642605,-1388786660.9059122,889749.5
392,3963455.475802541,-1409321181.9206371,888784.5
393,4105883.934846878,-1410050566.01586,888885.0
394,5905514.236831605,-1417682244.9537344,889358.0
395,10764030.031983733,-1423198133.5415854,889976.5
396,8940536.56215328,-1424070598.5563002,888541.5
397,7028148.237388074,-1424229542.6009288,887879.0
398,5900459.847861707,-1419836758.4176261,887715.0
399,12784293.758384854,-1417959002.466804,889300.5
400,7782291.164368272,-1405852279.2746024,892064.0
401,11790449.995797187,-1419099462.3501122,894727.0
402,20581127.467253685,-1420417155.796114,894648.0
403,21656271.201402396,-1441292114.562059,896960.5
404,32057245.251618147,-1453781218.4088135,897842.5
405,40676719.148234844,-1482449161.9302773,899784.0
406,38825827.75057161,-1481503775.491868,898976.5
407,41383285.19876331,-1499386961.5363636,899002.0
408,45718851.65030497,-1509036823.0320668,899940.5
409,46257703.74140042,-1507542097.1857173,901129.5
410,47935639.637292534,-1513483327.4381104,901001.5
411,50466677.37978491,-1520915952.340272,898601.0
412,66082471.01624507,-1539245919.4524624,898921.5
413,71787404.02601612,-1548431611.1092815,899367.0
414,72628100.77453655,-1557543520.4446547,898602.5
415,71698338.81068498,-1570911369.10669,900719.0
416,78569805.15315616,-1573869389.963902,900503.0
417,82166185.87261838,-1579813932.6674795,901567.0
418,79456460.8048178,-1581228864.93899,900244.5
419,69488234.36833626,-1579407644.4083762,899401.5
420,72106735.15647542,-1586223767.6094234,899517.5
421,72632984.87806398,-1596226672.1067343,899693.0
422,75403922.43027449,-1594036924.8411367,898574.5
423,74945596.13436297,-1595846980.9834728,896856.0
424,74609167.50489578,-1599665326.6891093,897260.5
425,69711504.57025754,-1589161806.2541633,898245.0
426,81269185.53150064,-1603482884.781864,898277.0
427,82682500.6482833,-1614012223.476797,897033.0
428,81978034.86677137,-1612100171.1994965,896884.5
429,90340126.41176108,-1634622463.804545,898291.0
430,91959243.47720122,-1639581217.3797762,899183.5
431,95568368.33628047,-1644018053.4461546,899977.0
432,97618994.61998111,-1655073065.6635244,900926.0
433,104883237.25675815,-1683827544.6701767,900670.0
434,103340133.04632765,-1686908370.306895,898557.5
435,98562202.01886845,-1687335417.6744096,899920.0
436,100581886.33059794,-1685056693.021626,899628.0
437,97304791.41002217,-1692481478.6811404,900628.0
438,93752427.5321495,-1692533512.163908,899716.0
439,99797146.87873185,-1690853387.9135718,899009.5
440,96445060.02081299,-1686755293.2320695,899306.5
441,99946365.13148773,-1688900891.428725,899289.0
442,112037824.69731125,-1688173812.5496507,897979.5
443,111673799.2212925,-1682689705.434508,897386.5
444,114970427.00274351,-1683714248.488174,897383.5
445,117084485.34833056,-1680755331.9532719,896853.0
446,119073058.96703184,-1693499421.257205,898061.5
447,119928220.12278226,-1691493565.08848,898774.0
448,117651930.06841162,-1687571415.2696848,898803.5
449,122199402.7058303,-1685677931.7031527,901067.0
450,117399533.10157469,-1682275089.3059852,903082.0
451,111954677.79357573,-1677853562.2663102,905223.5
452,110441064.00795361,-1672219676.0357547,905613.5
453,109847946.14291984,-1670520345.082114,904054.0
454,116295951.94669157,-1681736943.6083865,903650.0
455,115748527.03460294,-1669642685.691887,902829.0
456,117602548.85375181,-1670933584.2319057,902192.0
457,115205194.06649998,-1663893314.758142,901686.0
458,118470716.44783989,-1673477697.6545753,900339.5
459,115037204.81507641,-1661741281.2962415,901267.0
460,125230672.63149148,-1674078230.948777,900868.0
461,128034768.7218456,-1673743909.5062606,900254.5
462,120312168.23418707,-1661935758.4065456,902487.0
463,120864797.11904046,-1662502693.192907,901947.5
464,121969670.81562832,-1666360906.046859,903355.0
465,123729585.45117512,-1663387075.5145235,901892.5
466,112809574.25908789,-1653334186.7198656,898718.5
467,117520454.1894111,-1656374360.2328892,897746.5
468,119430399.22977313,-1656660269.7465107,898675.5
469,117188368.47168085,-1655480266.3099215,895994.0
470,120103949.0980779,-1650541859.1351721,896468.0
471,117047436.66811433,-1652032188.2727492,897911.0
472,119227119.70619604,-1655222188.0766287,896522.0
473,118479426.75403863,-1649647877.1819985,897044.5
474,119572262.9036794,-1650115440.016663,896723.5
475,108787657.66658252,-1648054127.4745455,897639.5
476,101099820.29307461,-1649290876.8249645,896577.5
477,88487137.22439316,-1646978671.5209541,896819.5
478,96999232.59213307,-1645096329.2809067,898247.0
479,91379884.68294197,-1635336492.86972,897598.0
480,100853957.84815049,-1630634197.3500326,899614.0
481,102431728.37675378,-1636522151.822053,899336.0
482,111684743.27208304,-1645668807.9138675,899131.5
483,114629941.80378214,-1629532254.8680432,898896.0
484,117232672.35314831,-1631796398.8559937,898434.0
485,120801764.1110777,-1614057337.139598,898150.5
486,128399102.53370798,-1608846971.9842477,896241.5
487,120912770.52688926,-1617475539.9353087,893700.0
488,122029318.40955827,-1615574989.9052627,892901.0
489,126202309.11735344,-1617855475.0832863,893387.0
490,122485021.84732264,-1616267812.744415,894127.5
491,132603313.39682925,-1626117223.0639145,893206.5
492,129417469.07412636,-1594409414.8472714,893982.5
493,130655868.80931437,-1589885539.406382,895078.5
494,126869960.58618876,-1586035398.4218097,893497.0
495,123114030.84708041,-1587021121.047368,893673.5
496,128924608.5845541,-1596645267.7629807,894510.5
497,134588736.233531,-1599003899.8543596,894433.5
498,143547887.52819318,-1593422633.983271,896284.0
499,152355600.93841952,-1592874485.538455,893186.0
500,166987059.24511078,-1602141821.505698,891777.5
501,157856582.59350526,-1596080366.8610435,890167.5
502,158202214.49116093,-1600633684.968927,890920.0
503,162322602.00498936,-1599726061.7203126,891336.5
504,154279913.2179403,-1593527570.4957497,891487.0
505,160685634.43785265,-1598003058.3910325,891952.0
506,168730627.56585926,-1608118615.9459052,893040.5
507,166727066.57669312,-1615154946.4393766,891134.0
508,174712677.2398841,-1610020497.8769312,892028.5
509,181275578.57107013,-1596079694.0754745,890883.5
510,173188684.978072,-1591147482.8311872,889443.5
511,169628248.92395398,-1598588567.619446,887820.5
512,171232386.46787,-1599232782.9954236,887488.5
513,171689564.69288436,-1594256428.8841376,889253.5
514,174579454.56151947,-1595964647.74969,888570.5
515,169718609.94691396,-1592972441.54683,888959.5
516,173913796.2889445,-1593417623.6252666,887441.5
517,172623331.76632887,-1596205516.7181032,886923.0
518,169441540.61190346,-1580878697.6777644,886377.0
519,158861313.60133353,-1572914133.0242782,886106.5
520,155261189.34214622,-1571106175.9893558,888155.0
521,154615108.00035736,-1573185775.4386587,887279.5
522,150691807.41003075,-1543542056.4248085,886588.0
523,151362988.25309616,-1546929930.7865043,884103.5
524,148980414.90605685,-1549261811.2084413,883552.0
525,146799792.69030806,-1549653346.0288546,884638.0
526,147280895.1775018,-1534003921.1058712,883666.5
527,144769478.93901768,-1522650822.980756,884659.5
528,140721263.58045635,-1530348824.8970032,883604.5
529,143977681.94777521,-1524007783.059225,882020.5
530,147551678.13537386,-1530443401.3798554,882747.0
531,143137153.69072253,-1523169842.9561772,885041.0
532,142527123.0736223,-1510976749.70285,884730.0
533,146948814.69219083,-1512167421.0860476,884926.5
534,143618911.45483524,-1511364031.4046593,886022.0
535,149972932.0479924,-1507035234.776172,884370.0
536,137982149.37386996,-1483826399.4135737,885228.0
537,145010960.38630885,-1487483916.1265805,886304.5
538,152858622.00008965,-1502984909.8163278,887977.0
539,142521483.96734184,-1488324954.1209538,886539.5
540,145620330.362146,-1501655500.5493329,889761.0
541,148307696.09308696,-1514413808.8966885,889328.5
542,150422639.4630496,-1516051435.602877,889929.0
543,166776794.3782075,-1524719797.1078954,891163.5
544,166906950.55365175,-1517904818.9554744,890754.5
545,155899912.77234295,-1503145499.6225986,891839.5
546,140811782.23754227,-1489323166.743478,891608.5
547,133118561.97515723,-1488662749.0664244,890990.0
548,124691906.88630283,-1483084325.527978,892274.0
549,118795580.69962874,-1470180082.3135397,890442.5
550,114281635.62541321,-1453483552.003878,889763.5
551,107045873.88564366,-1451783343.3538766,890854.0
552,102455374.0706448,-1454220651.1508765,888202.5
553,107359600.08893535,-1435532011.723317,887070.5
554,113013738.7757734,-1434520836.1117382,887779.0
555,109915797.39584982,-1448216605.7999842,887653.0
556,122250772.7886545,-1442403004.3201742,888186.0
557,118493527.13202733,-1427451160.9855287,886519.5
558,114980729.72927213,-1437705524.4893103,886454.0
559,110749702.63050592,-1435447737.4282503,888643.5
560,107869694.91912794,-1429963602.9009485,888273.0
561,111354582.63057533,-1434595947.870314,888752.0
562,106159851.5834789,-1430163298.5246053,888901.0
563,109104452.8691948,-1422471170.8567848,890282.0
564,117631719.94253737,-1407923000.2846973,891922.5
565,114505855.28986102,-1393560266.1500385,888142.5
566,114793489.66540176,-1387476502.511133,886729.0
567,114382396.8477534,-1387279411.7025814,887065.5
568,117722433.79544467,-1390959832.7966518,887173.0
569,124118557.92269924,-1403690643.7676067,885047.0
570,121959027.42097637,-1410192417.0628445,886796.5
571,121831194.69392821,-1418597280.8911476,885843.0
572,118026437.87324402,-1416353098.3768497,884501.5
573,115588178.6762656,-1420421347.329495,885770.0
574,106496207.07581007,-1424661185.576563,886680.5
575,104268726.00713095,-1433601099.269837,887025.0
576,115686039.85186508,-1431688466.3989143,886567.0
577,110348885.1257639,-1422641661.7029247,883941.0
578,122438697.46473762,-1434614973.557556,885593.0
579,134346776.44706345,-1439596683.2231927,884647.0
580,136717605.44782937,-1443441312.5418873,885268.0
581,138733471.73980385,-1448956725.2494688,885686.0
582,147781502.47054705,-1471115542.7611225,886971.0
583,147124536.78053075,-1468400060.3706827,887032.5
584,155424437.8540752,-1476984840.7484014,886486.0
585,155406823.43359926,-1469484924.1586227,887259.5
586,163281579.33119845,-1466290468.7494872,886374.5
587,162862061.22047848,-1469077259.421261,884945.5
588,166959269.1567532,-1471004255.36556,883665.0
589,173030274.0812664,-1475154970.5262969,885519.5
590,172501436.78579417,-1485397304.8609445,883649.5
591,172626020.23363006,-1475811332.5486138,885530.0
592,167057864.40226325,-1467056836.4267797,884261.0
593,168701044.15351623,-1465199139.0911224,883354.0
594,163601938.95502147,-1464912520.2430365,884000.5
595,150268063.19178113,-1450134775.144653,885984.5
596,152617568.83369994,-1460432464.887962,885137.5
597,146508413.03223988,-1454391032.8291082,885151.5
598,150727412.89893833,-1458553414.2262998,884395.5
599,165386111.3418189,-1449639974.162591,885090.0
600,151837524.62907505,-1444605818.2728734,883387.5
601,150421681.7408485,-1444042037.0863514,884750.5
602,146777377.92630067,-1444969958.3575554,885468.0
603,156175930.98112458,-1446842234.6235635,885191.0
604,154042326.06690973,-1438107743.2686572,885099.5
605,160136850.93847373,-1440629098.1765738,884497.0
606,172543632.1564327,-1453252086.065758,883520.0
607,177001781.8735093,-1449473859.358875,884523.0
608,182901707.57015347,-1460008747.0571299,884697.0
609,176217914.79199097,-1446386544.8301482,885193.0
610,185846885.1637485,-1452075670.6128201,883481.5
611,184908051.6402321,-1450821521.7145329,882886.0
612,189918361.37221777,-1453721651.8497984,881064.5
613,187730261.01103997,-1452470320.9097428,879894.5
614,200186873.2608304,-1454112470.0857105,882441.5
615,200221583.77587336,-1452939410.1025777,881115.0
616,197506650.92085674,-1452661334.2893307,879923.5
617,193053619.4992482,-1460233084.7984886,880359.0
618,188596759.41606766,-1457642614.2542422,882556.5
619,200088361.21036625,-1464329160.0921323,882770.5
620,208603737.09118238,-1481460127.7375162,881162.5
621,216698540.61610043,-1487961316.4789429,879565.0
622,202347752.49277332,-1479167937.066291,879521.5
623,217172737.35331413,-1484189312.72984,880387.5
624,216608389.82280234,-1482810703.973459,878835.5
625,221069813.23914036,-1489861963.1399856,878521.0
626,220614192.99969006,-1476909043.0282216,878942.0
627,222305164.56252635,-1483894201.9315226,880163.5
628,240361673.4591754,-1488389687.2846725,882391.5
629,241073926.06630513,-1487349299.496396,878950.5
630,256483869.67218715,-1498034728.987064,879038.5
631,239602125.11017355,-1492698172.9928885,879280.0
632,235838777.14824268,-1481730029.3944824,878118.0
633,233835900.8936256,-1481468554.9413059,879835.5
634,246533510.34005672,-1483604703.0790377,880235.5
635,231112660.21211267,-1477461425.1156533,880982.0
636,231897072.36632186,-1486373207.6364365,879460.5
637,235055027.92718643,-1484858764.859048,878501.5
638,237223958.50616425,-1486819292.7985883,878447.5
639,243109077.45031807,-1484062421.5604475,877919.0
640,236627987.48649427,-1492750662.0093637,876178.0
641,243835587.9474173,-1498752031.4850972,878277.0
642,247679648.3805607,-1501317306.4594984,879583.5
643,256567763.9975445,-1505775075.2629244,878682.0
644,254463775.47507414,-1506137204.9642696,877807.5
645,266100280.45336786,-1508288048.3587825,876654.0
646,273464542.08441794,-1510861481.039686,876800.5
647,284621899.58080554,-1507656433.27941,877714.0
648,272240020.09538126,-1509457326.0839834,878432.0
649,282775700.1761317,-1518284180.725028,876421.0
650,275043630.06117594,-1517744389.3755393,879014.0
651,287210700.87992716,-1518370473.9764137,879194.0
652,286321142.51863974,-1510542524.4006524,881535.5
653,296362332.3119188,-1508328544.954734,880929.5
654,294384551.3352469,-1501431032.1736794,879270.0
655,300688670.8548763,-1524004656.6254222,881476.0
656,300511231.26999784,-1526800200.9309335,879949.0
657,299766157.7286587,-1534868952.038128,878311.5
658,297244065.0423087,-1517051558.4687855,876560.0
659,302802657.13356525,-1525485050.352261,876807.5
660,321263603.4158772,-1525978455.0376232,874807.0
661,337601569.35925144,-1529146463.4296324,873395.5
662,329068756.38545847,-1531405791.0538087,874029.0
663,323865311.7266208,-1528432950.9262052,873803.5
664,324610783.6463753,-1527577505.0161095,874517.5
665,339542174.79217434,-1536178613.3072042,875202.0
666,335329879.74245507,-1538958191.6965966,874666.0
667,338155515.76732045,-1536334642.6752994,872748.5
668,341634310.02402365,-1526174085.1787412,873941.5
669,333481265.6857983,-1524737783.8203712,873260.0
670,333968398.87264824,-1534737587.3428988,874344.0
671,345207679.475428,-1535026994.696865,875243.0
672,339673389.6944663,-1532067303.0834055,873728.5
673,338498601.75372314,-1529888832.7846365,873208.5
674,323898913.25827336,-1538306611.7279267,871241.5
675,334920320.6145799,-1545969638.849825,873709.0
676,337069097.4372775,-1548318376.6898305,876751.5
677,339711296.2990178,-1554978516.9118185,875687.5
678,341331900.71594435,-1564495140.733861,872057.0
679,349522655.1873977,-1569117402.842546,872041.5
680,351150150.8220184,-1574702964.9848537,870975.0
681,358973244.3765079,-1583894628.4699173,871347.5
682,363068998.33505553,-1586055058.159865,869451.0
683,361048738.4255653,-1587213213.5943403,870336.5
684,364786742.7278069,-1592566683.2411647,871770.5
685,377169767.2139641,-1591138247.168843,871401.5
686,376305204.87313426,-1592194907.7090724,871745.0
687,386773553.27789843,-1608987240.9717202,871317.5
688,395518570.2028388,-1610416634.5955265,870612.5
689,404206858.6542811,-1624425939.599525,868893.5
690,404839774.22982275,-1622699132.2628868,869665.5
691,399526239.9027919,-1628189533.7163162,869133.0
692,415402510.79687166,-1650501195.6301546,866704.0
693,417435639.426399,-1643797786.977915,867068.5
694,432324046.2528963,-1656672866.2189486,865270.5
695,451628436.0895662,-1657470306.2985854,866162.0
696,458104026.4954839,-1671536490.6863666,865916.0
697,467737513.2879927,-1674742078.4977655,868819.0
698,459566908.089111,-1680005298.138675,867233.5
699,465773270.828223,-1686726604.2731962,867626.0
700,460343657.9164651,-1679055924.2127323,867523.0
701,467666431.61260855,-1687044681.8781247,867235.5
702,468640006.3796239,-1682177840.1293721,868663.5
703,464637215.9749367,-1680769842.4545145,867368.0
704,466821096.62278247,-1680523302.590632,867627.5
705,479069911.1515183,-1685476553.4370124,869998.0
706,484754061.43495554,-1676842057.110073,870591.0
707,483801927.64893836,-1670921135.1541877,869212.0
708,487885744.5733831,-1676239750.312857,869636.5
709,492997221.6601385,-1679059492.47056,872088.5
710,493949297.38237476,-1679024110.538806,874382.0
711,503743255.6536561,-1689544678.6960554,874217.0
712,514248555.25797766,-1703861369.051733,875759.5
713,539953365.6522812,-1716074857.3115332,876898.0
714,538847435.7466913,-1714532031.1025176,875922.5
715,528989554.3644806,-1707752361.8792288,875138.5
716,522828038.95181847,-1704302328.7379642,874770.0
717,533969095.2305356,-1705660410.349304,874613.5
718,528038780.20018864,-1704805922.702423,876092.0
719,533781980.0811067,-1706423175.2531176,874200.0
720,546748034.2968583,-1724688993.5039148,872492.0
721,550878488.0603576,-1726155052.833504,873370.5
722,557923679.9734491,-1714936861.4605117,868550.5
723,562790367.553467,-1714219674.6695523,868227.0
724,581144531.9755443,-1715514531.0379667,867146.0
725,589564917.4600067,-1723223935.3121653,865273.5
726,583104929.2367468,-1720926636.0033746,866049.0
727,583725657.0070382,-1718822291.544259,864341.5
728,579678283.5659064,-1709200039.0866387,863570.0
729,603529280.7287802,-1707806675.4098246,865255.0
730,599769763.2897235,-1708391233.7265859,863843.5
731,576383295.8430437,-1704564892.2506957,861886.0
732,573298995.940208,-1699710096.6033738,861615.0
733,573462869.760738,-1681078394.625447,861666.5
734,572113532.1913258,-1677494441.9553137,860609.0
735,586753004.7410681,-1682260078.4421785,859704.0
736,583105612.972492,-1685951192.2426198,858838.0
737,570230172.9272895,-1670050279.9155881,862589.0
738,582537045.576516,-1685181741.3727655,863331.0
739,589537529.0212848,-1686958524.6245034,863637.5
740,597195526.4499543,-1687428769.4209232,862919.5
741,587926329.8969591,-1683292975.9700787,864393.5
742,593083607.2435045,-1682338847.8846326,863641.5
743,612032084.4210231,-1675696884.2021754,862443.5
744,611200671.5838943,-1678815492.1871498,864200.5
745,618236531.4844089,-1678152614.1880026,864078.5
746,616643771.3537505,-1673923378.3462076,863420.0
747,615680621.0773945,-1676138514.041875,864317.0
748,600080409.1356297,-1662006945.1225405,862945.0
749,604190386.2953,-1662225461.0669806,865344.5
750,647578263.7638979,-1668706694.0317593,866337.0
751,659560672.7171762,-1665207366.8560448,865008.0
752,664457693.5240313,-1658130533.1717043,866098.0
753,678770868.3651421,-1660078311.0408237,867679.0
754,676812819.2349681,-1655521245.6400402,867589.5
755,679133358.0659599,-1659401636.5605175,868301.5
756,682768772.1858287,-1663063845.8229,868115.5
757,689283191.2838793,-1656869712.513311,867969.0
758,678838955.2355586,-1647225201.9426723,868218.5
759,674037806.0355504,-1640253366.9822683,867247.0
760,678877067.4523658,-1634407039.284042,868172.0
761,689850001.8986456,-1628978147.9900706,868236.5
762,702564889.5095011,-1627057407.4827366,869836.0
763,710204383.8484411,-1636495890.2371423,869779.5
764,705509231.992636,-1630692336.8569486,869031.5
765,701573899.0563931,-1624343096.6754546,869474.0
766,710371073.365039,-1628193583.3244393,869805.0
767,726189477.6121581,-1622823206.783714,870665.5
768,710595398.6052583,-1613057237.1827123,868681.0
769,699150781.8175583,-1614452073.6088982,866508.5
770,727215212.818027,-1613022276.2292292,868317.5
771,729860683.0975659,-1617670961.8105812,870679.5
772,715935697.6609621,-1605203567.726322,868566.0
773,718952228.0636114,-1610288043.7405953,868452.0
774,720160424.8549585,-1600360034.513892,865750.0
775,736451830.1763043,-1584358290.0814426,865552.5
776,740996406.2677093,-1575298318.087925,865711.5
777,742806873.3065511,-1571114955.9415042,866012.0
778,738998791.7029523,-1566337528.2041767,866461.0
779,730709203.6786704,-1529840765.2152014,865820.5
780,734787366.533196,-1532217410.6121871,866791.5
781,741882404.3062311,-1529320777.4235525,868617.0
782,735759947.9740808,-1524487570.1689358,868534.0
783,724673938.1309562,-1519824536.1512003,867456.5
784,735845276.982264,-1518753102.7979124,867670.0
785,742890347.2822874,-1514172729.317151,868869.0
786,726117357.6885698,-1504605137.062208,868980.0
787,734212201.0661783,-1505064315.8386593,869377.0
788,727509424.5428782,-1508453416.2444918,868516.0
789,751760622.7138733,-1508696295.0648484,868477.5
790,760605459.2498772,-1508170349.2655506,867238.5
791,761279893.6700938,-1500738234.039505,867252.0
792,754279885.9979906,-1485741915.8267298,868450.0
793,757679535.336314,-1471554769.542257,868859.5
794,760536322.3287302,-1475177789.887313,868021.5
795,774798391.0115602,-1472868692.4231327,868473.0
796,781915898.1273216,-1468903925.2949347,867442.0
797,788032983.5970198,-1463215421.4626307,869423.5
798,785749048.8521047,-1458890589.6458178,869315.5
799,781715062.919618,-1455177486.7921438,869130.0
800,786692457.7109063,-1451396714.0774283,868372.0
801,787078945.238916,-1441124248.5320542,871241.0
802,795511649.5717165,-1437313417.176141,873672.5
803,803798220.2195812,-1439409808.6410692,871680.5
804,789262724.4630976,-1423735087.5256314,873772.5
805,812925644.5146909,-1435855480.9349334,874376.0
806,821772997.218135,-1428204995.10321,875386.0
807,827155915.3575106,-1423439775.6087756,875859.0
808,823240924.9991407,-1420815828.292605,874254.5
809,826953904.9266965,-1410202559.9729009,875892.0
810,826261683.8957937,-1410101358.1792002,876287.5
811,836368058.905443,-1412710922.2911744,877314.5
812,840990619.6378348,-1415733420.9709094,877448.0
813,842828513.3533735,-1413511049.85201,875290.5
814,842514464.848263,-1410166077.5518541,874867.0
815,846817889.3291631,-1408575526.6885848,875558.5
816,854999009.2867289,-1403807835.6474783,877096.5
817,848643975.0439191,-1406006779.247066,877360.5
818,861331510.6549325,-1393451461.4139493,875613.5
819,866181628.4735819,-1395925032.8783832,875728.0
820,884211412.2173871,-1391405956.2419293,876712.0
821,904481212.4890907,-1364491801.2333186,875868.5
822,899759952.2782518,-1350895222.0997474,878034.0
823,891938331.8647444,-1354049895.4812818,878701.0
824,890116201.3851385,-1358725793.0718565,877034.5
825,889016472.3538418,-1358539471.506654,875532.0
826,893971409.5353056,-1348797781.5658092,874856.0
827,904968901.7644572,-1353145789.4704704,875880.5
828,902704072.9197214,-1357544721.351758,875213.5
829,895599540.2151382,-1355719084.4099586,874410.0
830,900533937.9932629,-1351797425.2692108,874514.0
831,892147473.9551792,-1351254832.9279146,876709.5
832,877125121.5276072,-1335348620.78025,877605.5
833,884200557.3003509,-1333776166.9170651,876437.0
834,877465528.3593438,-1318166718.8423383,875848.5
835,884752471.3060708,-1317973947.4734864,875032.0
836,893405296.476053,-1322816485.9206972,876518.0
837,895998710.4790097,-1325202122.4886713,875492.5
838,884633572.4006548,-1309233728.058463,872977.5
839,899002174.4585116,-1309827679.2370095,874129.0
840,897915526.0863547,-1313706580.129434,873550.0
841,895120440.4717627,-1309954381.9546857,871865.5
842,871746633.6156375,-1287346745.247918,869523.5
843,866902636.8673329,-1276406452.7241611,871494.0
844,867627632.1342016,-1266737945.8313417,870864.0
845,876212794.9127772,-1260946511.5209193,871264.0
846,886000144.2775586,-1259229380.5984974,871215.5
847,875787370.0670648,-1254420292.6142702,872219.5
848,889282364.7111847,-1255188359.160328,872313.0
849,911046914.2282407,-1266486526.5211756,872319.0
850,907641429.5085666,-1260659842.9558604,870893.0
851,906662787.8917779,-1257159505.433425,869900.0
852,905687051.216239,-1251896071.2855988,868805.5
853,899145746.5583403,-1242986103.5976052,869585.0
854,920960445.3195906,-1255520110.6632688,867099.5
855,941788051.5439804,-1262792823.1862512,867032.5
856,945093153.9890478,-1265511909.3824854,867772.0
857,957066768.3132621,-1262019434.5692756,867559.0
858,961441185.8904631,-1258645366.031622,867281.0
859,959212926.7925506,-1254822573.0743678,868042.5
860,977969898.1688077,-1254626550.9090495,869133.0
861,971033513.0445143,-1242764614.0527387,871073.0
862,970787793.4495277,-1243662864.9614089,873336.0
863,973006467.5364428,-1244104066.6929157,874122.0
864,976469867.8549031,-1242468173.3143873,872638.0
865,963530199.3324964,-1236004513.3749762,872239.5
866,962317231.9610168,-1235601174.253612,871587.5
867,956139714.9046493,-1230260876.927394,873005.0
868,955968946.8516912,-1231734152.049406,873323.0
869,944918797.961473,-1227403234.4893365,872756.0
870,960292676.4333739,-1224525800.1478457,874348.5
871,961478358.1599486,-1231273195.792419,875077.0
872,961215452.6212413,-1223703774.3787887,876183.5
873,998508443.7895129,-1239314586.37167,876320.5
874,1001590318.5115881,-1232062880.8640742,876239.5
875,1004244867.3551209,-1228269683.4787645,874557.0
876,1003294626.9787862,-1226798153.2081647,876257.0
877,1007097883.1092544,-1227393564.1902819,877361.0
878,1007810631.0354824,-1213347911.3792822,879088.0
879,980918808.271153,-1189677903.670703,880228.0
880,980647013.9499682,-1186882362.112228,881144.5
881,989854037.4713552,-1183383267.4252448,880206.5
882,999673702.5968797,-1183422842.8794906,879056.5
883,991435212.1634805,-1182205590.5963292,877277.0
884,995476799.827331,-1183519242.0970912,878214.0
885,976751727.1378807,-1163516461.078322,878657.0
886,955979772.4489806,-1148636641.0675669,878505.5
887,955430275.7462707,-1140164707.4676516,879156.5
888,945862753.3088293,-1136780976.9941435,878999.0
889,937120215.571252,-1135714065.8616605,880036.5
890,930075468.6774832,-1137416190.9168887,882144.0
891,920653531.8157088,-1122467951.0439434,882249.5
892,908029875.2337976,-1110251081.7083843,881232.5
893,890295779.484831,-1101107399.3692467,882146.0
894,872358643.5412918,-1095068710.3949473,880257.0
895,870955111.3736371,-1096222753.7398443,880566.5
896,879176568.5864109,-1101632016.6458445,880827.5
897,894807842.7136743,-1099556663.0636148,881249.5
898,884656702.0375487,-1097563798.6977854,882739.0
899,849493574.1093953,-1067061750.6720784,883186.0
900,834144968.6065853,-1056342507.8469284,882807.5
901,844841131.2035648,-1052321548.7102171,884677.5
902,843129479.9767532,-1053245416.3105199,885750.0
903,838555611.6121871,-1052995934.5274147,886366.0
904,835731895.0538719,-1046542435.2955234,887380.0
905,836519706.0251498,-1042041730.7506471,886781.0
906,817333895.1675465,-1027982420.7722354,887631.0
907,798252893.6690032,-1012079651.8705034,887300.0
908,798900068.3910213,-1014620325.0153496,886740.0
909,791182788.1165041,-1012385637.7076895,887526.5
910,775546453.6594381,-1006422611.424751,887264.5
911,783356632.2610028,-1004143182.9382464,887457.5
912,804401187.0004096,-1007690792.8558955,887553.5
913,796309411.7892442,-1006825736.9930928,888877.0
914,790133224.935641,-994130262.3620136,889643.5
915,785670079.4020114,-978417730.6907451,889827.5
916,794912122.2688662,-977588527.3226898,889171.5
917,785238132.292621,-974895072.6005177,889271.5
918,795830694.7818613,-981444439.6093314,890988.0
919,781366799.138973,-975529012.2728536,890770.5
920,778251591.9613895,-975235756.6491795,891184.5
921,750175622.3157899,-966735443.6790272,890887.0
922,749694723.4705812,-963840097.6592138,890735.5
923,763410461.3663697,-963006123.1176465,890151.5
924,769926385.7348695,-958875949.6546326,890070.0
925,767981948.8686785,-954952406.7016368,890563.5
926,812238118.0639257,-959005490.5061727,890748.0
927,808123192.1332511,-960838693.6318684,891429.5
928,807538642.0501783,-957730782.0668156,893385.0
929,788273289.7035866,-939414351.5803077,893874.5
930,795488277.3191326,-938844491.0745236,893350.0
931,802825784.6372385,-934658220.2690157,893756.5
932,805804904.3910139,-936601036.593962,893072.5
933,808193115.337556,-932521439.5734795,892862.0
934,814686564.5840225,-931184319.0115229,893209.5
935,815363842.0093868,-930438095.806525,892989.5
936,822209517.3841766,-927509213.2048001,892348.5
937,833145915.8062165,-926930623.0035586,894038.5
938,836542285.1088333,-925786200.6823213,892108.0
939,837401944.8990514,-920850094.5011939,892084.0
940,841502510.4677873,-922509767.9200225,893154.0
941,850144080.1729031,-934927053.3611844,894727.5
942,855237997.3821642,-933819539.4062665,894706.0
943,860938748.7743772,-935089010.3054168,894541.0
944,860021237.6561611,-935279063.5457016,896187.5
945,865656139.4975305,-932376377.5482965,894805.5
946,868272847.2301702,-927366484.6338989,894140.0
947,870407748.0120952,-922951162.8803034,893110.5
948,870214487.5773182,-919951979.5825293,892162.0
949,857009888.2652414,-918533334.491317,891222.0
950,856540741.128633,-920221968.5661793,891229.0
951,861033773.9306321,-921402617.0398794,892006.5
952,863289956.6934576,-918166681.3223,891967.5
953,877062440.6148863,-922621025.6899701,892629.0
954,880640406.2778962,-922232593.6921093,892743.5
955,887844044.8286647,-925287968.8755112,891963.5
956,891649530.8150829,-924842506.2571065,891828.5
957,886693846.7717323,-923092704.5402254,891269.5
958,859030871.35039,-909011968.036749,892639.0
959,860487022.535612,-910813168.1171268,891862.5
960,865250876.0017953,-911288190.9409555,891663.5
961,854198465.7946515,-908283997.1414623,891893.0
962,851643590.9663577,-905624347.7425941,891448.0
963,846456208.0337269,-904203288.1951089,891545.5
964,844453893.4888686,-903747013.2996738,893406.5
965,859545799.4868867,-904770230.2954762,894653.5
966,863780652.2445867,-897528406.1096718,895725.0
967,872389017.2584107,-893344891.2865894,896324.0
968,871851040.7600795,-896731251.1284369,894792.5
969,881898652.3759239,-895854724.5589907,894364.0
970,879275443.6820768,-887887849.0971642,894391.5
971,873179869.135078,-883790562.1802543,894237.0
972,874123891.8385106,-882169319.4423791,893362.5
973,874442107.9568036,-878177434.3356862,892624.5
974,873157224.0681772,-881048461.9369662,891998.5
975,895666170.6615422,-880355245.0472751,893154.0
976,917148484.0023961,-888594223.4724777,892417.0
977,915799298.2134584,-889572448.1995301,892932.5
978,911777073.5537767,-887308393.6792483,891395.0
979,911504606.1511581,-890592829.734444,890778.0
980,902514585.9224766,-895939800.5503703,890195.0
981,917306662.3186413,-896979256.9453926,890764.0
982,915022437.3257424,-899229854.7805483,891288.5
983,929093973.6171386,-896008367.2613089,891142.0
984,956888148.7551651,-910368924.1145885,891484.5
985,963713230.7059793,-923276301.7524412,890967.5
986,968229709.9779214,-921749573.5919929,889610.5
987,978006668.3124502,-927246609.8588634,889190.5
988,973406695.8806577,-929619326.532893,888777.5
989,966802609.6706207,-929116250.1542811,887398.0
990,973286629.9266362,-928997293.629627,887769.0
991,972898405.0342346,-928585037.4814732,887416.5
992,963709883.2663355,-931949676.3653686,888661.5
993,963888474.1356443,-931765329.7283348,888412.0
994,966069123.3986325,-930201887.3846519,887733.5
995,968499640.5591793,-928314725.2875984,888283.0
996,976630993.9013395,-929242323.68887,887862.5
997,982205811.4343542,-934985426.3019288,888952.0
998,978308688.9780247,-935371973.9606436,889224.5
999,993182476.8921268,-934931943.2324667,889109.5
