反復回数,回転角度θ（度）,スケールs,目的関数値J,勾配ノルム,∂J/∂θ,∂J/∂s
0,0.05811261961258681,1.0015504412517169,884479.0,2054903201.5546527,-231616928.0,-2041808210.0
1,0.11604528794842062,1.0031019104221228,884479.0,2054942988.0178854,-229901789.2917346,-2042042078.7251995
2,0.17379872111345526,1.0046544027395548,884479.0,2054981435.1073022,-228186659.65048605,-2042273132.3192842
3,0.2313736322536115,1.006207913458707,884479.0,2055018563.8254352,-226471539.049786,-2042501392.819005
4,0.28928365235141384,1.0077740201678014,883181.0,2074919553.2107756,-227608126.95954782,-2062398044.228701
5,0.34902731973506784,1.0093039872056446,882636.5,2016865811.1816907,-232575488.39463004,-2003411176.5964515
6,0.4109323297282199,1.0108001209966833,884073.0,1987946877.4224038,-243292500.92292246,-1973003179.5332098
7,0.470904866361959,1.0122985433147145,884546.0,1991211010.4498687,-235712511.10605988,-1977210383.4050798
8,0.532289192362402,1.0138163538375156,886700.5,2004420777.2086887,-238808392.20866895,-1990144015.8733726
9,0.5917133123725637,1.0153350603759972,885353.5,2005263180.3501036,-230076191.3915478,-1992020423.746346
10,0.6494455663351459,1.016855772777548,885658.5,2008282492.9329848,-221478215.53066877,-1996032557.7170515
11,0.7073956850780809,1.0183802292894515,885845.5,2010339000.6532931,-221655959.2632988,-1998081963.601781
12,0.7660045227136598,1.0199096392099458,886692.5,2022716161.2341156,-224538211.90252244,-2010214729.901583
13,0.8249549609372955,1.0214299280633778,887722.0,2017398438.2789104,-224663007.66310108,-2004849867.6354685
14,0.8865063380405905,1.0229733192279877,886416.0,2039713495.9262438,-232849721.8493016,-2026379074.2352138
15,0.9501472217271651,1.0245121189458097,884559.5,2034125621.6395962,-242254116.52871126,-2019648481.2054713
16,1.0131836173508333,1.0260514967193883,880461.5,2033349198.4485903,-239152730.77567813,-2019236225.456066
17,1.0736641205324764,1.027572924249947,882999.5,2009820881.1160328,-227988478.04136315,-1996847822.9575758
18,1.1364265089298131,1.029076545798633,882776.5,1995762223.8551295,-234466282.91230282,-1981941577.429683
19,1.1974683450023649,1.0305721996589785,884543.5,1979431034.639053,-227395929.92147654,-1966326095.017655
20,1.2584370586534404,1.0320355513138362,884494.0,1932748568.437384,-226986635.20978856,-1919373360.300933
21,1.3183249696535542,1.0334742183765016,883228.0,1905152090.1644404,-223318994.68474367,-1892018264.5183244
22,1.3825181717430342,1.0349282696281386,882355.5,1910066802.1807075,-237101341.69840717,-1895293682.403244
23,1.4514066664765426,1.0363928944662235,886404.0,1913628882.787757,-256948966.25133526,-1896299746.817968
24,1.5195855794785091,1.0378613056264525,885944.0,1915990024.2277987,-254437477.5995319,-1899020627.3058827
25,1.586366997531912,1.039338397822704,884682.5,1922295976.7513032,-246851378.89167458,-1906380397.2380552
26,1.65213209177709,1.0408266001055586,884827.5,1934213578.9773107,-242776744.82921737,-1918916783.3104033
27,1.7171347644313015,1.042316158075823,883240.0,1932081060.6176121,-237946116.08459002,-1917372908.6011243
28,1.7809829120255414,1.04376034132453,880109.0,1870289733.7000341,-234731038.39361796,-1855501287.4149127
29,1.8460915801680386,1.0451934406260661,879566.0,1857340407.5954194,-242589641.94351315,-1841429785.6036859
30,1.9139027486840867,1.0466411536709055,878451.0,1878030029.7294023,-250183514.73969012,-1861291218.89024
31,1.9811416715148251,1.0480956256356755,878791.5,1878617740.2459452,-243276760.16235396,-1862799246.277411
32,2.0475767207002935,1.0495493964246305,879386.0,1874784460.4344933,-238400726.93145669,-1859564966.9977136
33,2.112964851687645,1.0509990359798187,881047.5,1869219137.875195,-233693680.0858009,-1854553167.015398
34,2.179617699415315,1.0524577389772856,881620.5,1875658731.476848,-236581278.96758708,-1860678633.0281215
35,2.245501354416984,1.0539276635684043,879376.0,1887422094.1675923,-230751482.3677831,-1873263439.812204
36,2.311191964092413,1.055397844984232,877601.0,1881640854.8344193,-228692087.40666115,-1867691686.4781477
37,2.3753984075626233,1.0568665746578194,878210.5,1882739992.8939815,-221090756.07131195,-1869713549.831162
38,2.4352462352856565,1.0583035208581186,877728.0,1851563633.0494115,-199869644.42440623,-1840744418.0191875
39,2.4988549310182813,1.0597250453975942,877582.0,1826952181.5413404,-216305021.66575,-1814102095.043397
40,2.562129826344187,1.0611522027692029,878709.5,1825896948.1715004,-213083248.28368503,-1813420854.25388
41,2.6259299014959265,1.0625810354944247,878449.5,1828415782.9791236,-217927959.9157574,-1815381965.2442617
42,2.6891356606428416,1.0640053808897119,880416.0,1824122502.5437684,-215534219.5916657,-1811344225.836589
43,2.7519016590660232,1.0654235927311135,881231.0,1816967019.2306995,-210111355.46626255,-1804777650.370323
44,2.813962410874202,1.0668704743287003,878440.0,1851027915.6210546,-200597694.16906723,-1840126329.7671928
45,2.8767201002737908,1.0683173184652277,881625.5,1863814518.493202,-201963621.04260176,-1852839781.2874718
46,2.938541788624348,1.0697531387427788,880430.5,1859223816.0740554,-196026507.69933656,-1848860948.404767
47,3.0000857645671664,1.0712036817610757,881034.5,1885440712.0332918,-191632643.92881835,-1875676840.069594
48,3.066560864381508,1.0726576854778025,882599.0,1876027566.61791,-206691514.4945749,-1864606673.9519773
49,3.1307829797699416,1.0741129049748748,879765.0,1874468586.4946897,-190809501.55763283,-1864731673.9602852
50,3.1943581430702253,1.0755637653010495,879666.0,1869841221.5427163,-188034557.65399444,-1860362652.524562
51,3.2565004952674377,1.077011533254292,882221.0,1865695269.1926758,-185040647.42998874,-1856496376.5886056
52,3.3185429350512976,1.0784518134001433,880657.0,1860543050.4032567,-187001699.79524642,-1851121499.7070138
53,3.385455809617649,1.079891520452172,879206.0,1863961433.509248,-213232848.50671035,-1851724595.5939467
54,3.4495474805008746,1.0813268436485175,878724.5,1865628816.89784,-199343064.00164717,-1854948307.978977
55,3.5135651420511094,1.0827861503746985,876339.5,1903174367.9785707,-195446882.9603753,-1893112038.6473975
56,3.579961937883048,1.0842414631376072,879595.0,1895466991.6790948,-203340076.87594092,-1884528569.611266
57,3.646878091645377,1.0857098006794121,878598.0,1895127678.319118,-201818742.9573949,-1884350846.3453157
58,3.715631379371959,1.0871786468418554,877440.5,1892108699.2005808,-208940625.80109406,-1880536929.8368914
59,3.787001316580562,1.0886472497862203,877284.5,1888957770.418114,-218101896.8461932,-1876324337.9051142
60,3.8585705897589277,1.090113786414277,879248.0,1882392455.6716394,-215206603.37427396,-1870050126.3425035
61,3.9276659900765565,1.091582391547052,879641.0,1892935058.8452647,-203654981.88625735,-1881947869.9896111
62,3.998155814671502,1.093059143762239,875462.0,1907915495.3393416,-207404770.79498845,-1896608762.6095805
63,4.068863941781711,1.0945545541501382,871240.0,1934460142.5887716,-205253385.56826085,-1923540249.3780413
64,4.139345372913478,1.0960496320193327,869415.5,1931809243.2871683,-207151119.56775522,-1920670551.1647663
65,4.214710659563333,1.0975644054165499,870583.0,1937903148.0413277,-223239419.066351,-1925002018.9504752
66,4.291040152289585,1.0990762928509155,870616.5,1927152484.2845976,-228089048.1804002,-1913607087.0961092
67,4.366567743495481,1.1005824022352677,867528.5,1922697405.616348,-224647378.85126024,-1909528441.4585433
68,4.443891628558734,1.1020781088144382,867442.0,1906719246.3781912,-231589957.0850368,-1892602540.494535
69,4.522430628862071,1.1035659214674796,867243.0,1900188744.405708,-233160088.2089991,-1885829694.7583876
70,4.603246824354496,1.1050594196992833,866738.0,1909469624.6193392,-240092527.94188327,-1894315133.5958853
71,4.684529006965226,1.10655145021972,867563.0,1908646823.6583984,-239518499.73643303,-1893558445.294283
72,4.762979783368304,1.1080496846669956,867375.5,1917155993.3059502,-225048633.73588026,-1903901314.4389963
73,4.845809184624732,1.1095603381454888,869956.5,1908854659.0531256,-245125958.89895844,-1893050282.9197884
74,4.927262809035728,1.1110843091816671,873158.0,1924254476.39308,-235140275.07462132,-1909833589.859765
75,5.008134198148205,1.112618792451015,871951.5,1934001422.1262465,-232815792.5119238,-1919937058.2244067
76,5.0905687847554715,1.1141504885189581,869365.5,1920339410.8496974,-237882428.09086722,-1905548583.2872791
77,5.173937387445208,1.1156717538933292,873711.0,1907950192.956644,-243131691.37250793,-1892395550.4739592
78,5.259227952213364,1.1172143874126503,871376.5,1927815327.6729352,-245803091.23586816,-1912080745.666772
79,5.339807286960903,1.11874658035421,867886.5,1918540873.8249474,-224603238.95855027,-1905348385.3579955
80,5.422052987513767,1.1202851606122675,869164.0,1914427681.9177227,-227699940.8122506,-1900838258.833971
81,5.504407085451086,1.1218239483199235,872100.5,1910118429.5205069,-226327023.542001,-1896662461.5910196
82,5.58895190836157,1.123368856379253,871583.5,1914806508.2181904,-233214735.91801363,-1900551196.5915127
83,5.674676906220258,1.1249222540905208,867322.5,1925615855.8205752,-235127762.54312873,-1911206780.9290204
84,5.761626691056101,1.1264800641431467,865458.0,1930598771.3673952,-236631587.55344015,-1916042042.2781005
85,5.85162119507771,1.1280376848356082,864860.0,1922491459.2579272,-253926754.9742474,-1905648082.4191866
86,5.94414836290129,1.1296136244111947,863940.5,1928826513.4316561,-261650444.8621602,-1910997321.7198272
87,6.037832809055711,1.131181766467781,862723.5,1904580434.4363592,-263835647.6708464,-1886217745.1863544
88,6.1350713338442935,1.132751656350576,861316.5,1894261782.9669528,-280069438.6861979,-1873443036.7436147
89,6.233451158809292,1.1343104394394732,863948.0,1877931384.780259,-286019554.0544254,-1856022386.8911734
90,6.329629029402547,1.1358644144568757,863161.5,1875947158.5885468,-276690764.3397534,-1855429859.290166
91,6.426726523312043,1.1374224272577786,865086.5,1882143226.2194667,-280334659.82768685,-1861149000.6184669
92,6.5226771298413775,1.1389772899004156,866763.0,1876110204.5396948,-278731520.13101983,-1855289260.267365
93,6.617436617687956,1.1405391976421457,861686.5,1878452685.1930702,-267888441.32146418,-1859252611.5392208
94,6.71449903988478,1.1421344018029627,861104.5,1899727524.638726,-266867014.43231136,-1880889859.7413847
95,6.810846657802951,1.1437353615603434,861932.5,1900674393.7126305,-265866717.52828836,-1881987789.3933342
96,6.910862979316255,1.1453258170757847,863639.0,1871884631.0540514,-287217385.2418109,-1849718423.3258908
97,7.006862902089225,1.1469076349546843,862803.5,1874115874.4558551,-263719628.52603936,-1855468207.3313794
98,7.102225804889645,1.1484842316256496,861743.5,1864030430.884807,-261354049.66651583,-1845617378.5450525
99,7.194486624368458,1.1500542183386147,858977.5,1856673876.25465,-241351939.7615105,-1840920184.0220623
100,7.287082450378924,1.1516383381778779,855437.0,1857312429.7493145,-237437651.5387274,-1842072969.057707
101,7.381507831934882,1.1532315077758082,855232.0,1855549477.3456874,-241396885.80371404,-1839780260.357775
102,7.471442449318051,1.1548268711064156,851326.0,1860084956.9447625,-216285351.11904234,-1847467643.5444036
103,7.563850746888571,1.1564384715803788,850303.5,1870661577.9520476,-226151166.51779318,-1856941137.7608838
104,7.659176661981337,1.1580551760497724,851658.5,1867424803.1625705,-244761978.1825691,-1851314929.854702
105,7.755494501735292,1.1596805260612555,850895.5,1874938823.4875448,-247371913.4164372,-1858548554.1877968
106,7.850996851170846,1.1613160195491468,852293.0,1881475666.4405866,-241336795.88688076,-1865933341.3493376
107,7.944925409053592,1.162946464467218,855542.0,1865679436.3792787,-230959831.29403645,-1851328527.2088077
108,8.041431123553995,1.1645918795986159,851549.0,1865792484.640526,-234886610.15915442,-1850948372.0809202
109,8.142657079273304,1.1662618081806373,851866.5,1876265968.8452125,-251226729.48916805,-1859370623.68879
110,8.245059138358265,1.167941231297846,848478.5,1875632031.1665962,-257289753.30271137,-1857901369.605922
111,8.34797011043359,1.1696120065172853,846035.5,1859287376.7675683,-261054972.62217104,-1840869319.2827306
112,8.453876130275834,1.1713185902994279,845876.5,1891504725.2350228,-271760828.5548409,-1871880385.508007
113,8.560902785808478,1.1730383412580951,845003.5,1894604644.7422378,-271294485.7506765,-1875080281.4493403
114,8.668360900870626,1.1747794000420961,843342.5,1911438649.420391,-268096265.38836336,-1892543817.9822578
115,8.779781677156885,1.176543208741669,846078.5,1913970364.8098352,-280333445.5587319,-1893329267.895963
116,8.887897633032432,1.1783113599461887,848752.0,1923075470.4736001,-259866974.42988622,-1905436543.3511333
117,8.996606689227395,1.1800621128132966,847228.0,1896335711.3236983,-263793202.3630256,-1877898366.906105
118,9.104430074887908,1.1818050070497026,844409.0,1884436128.5491447,-261083700.5380507,-1866262260.2128153
119,9.211624183288729,1.1835287040917257,842641.5,1855963609.1022503,-263362252.54960966,-1837182963.736559
120,9.319195061313325,1.18525182182305,841463.5,1850076823.7095091,-262388188.71335912,-1831375628.3326445
121,9.426060757110381,1.1869834128962993,840451.5,1853737294.100112,-256117077.61584115,-1835959149.352492
122,9.533658981593987,1.188727720368021,839609.5,1859037388.7686677,-252760856.4981373,-1841774134.4318404
123,9.640255314667558,1.1904787598621263,838899.5,1860854177.8777921,-248515822.8605752,-1844184957.40345
124,9.746523810559907,1.1922261837982049,837489.5,1853345583.0144181,-241786190.7888065,-1837506268.8390732
125,9.855435526453263,1.1939584463320887,841482.0,1824252161.0535824,-260597891.1161127,-1805542767.772201
126,9.963936197038093,1.1956940989144687,840076.0,1822777298.9551942,-255491349.57533413,-1804782882.1990106
127,10.074154028384738,1.1974244943911538,839212.5,1799549914.1072252,-261334103.12873083,-1780473077.55698
128,10.18570794144295,1.19917233781979,838872.0,1810899331.4701896,-260276744.93905705,-1792097208.513843
129,10.295835378514338,1.200914351630867,837227.5,1802452391.093608,-251022942.9556722,-1784887140.485061
130,10.407194733457473,1.202686361682355,838489.0,1826598047.254372,-243038817.2300222,-1810357025.4380531
131,10.5166542481818,1.2044596464462218,835085.5,1829482501.2032506,-236116657.52551466,-1814181673.9918528
132,10.627658034768665,1.2062336744100308,830701.5,1821626181.4477632,-246495086.2971111,-1804871773.1094747
133,10.739271910985018,1.2080152051232884,828966.0,1822007084.2504277,-247654174.1524248,-1805097566.6383314
134,10.852155413318231,1.2098125224772815,830460.0,1830659329.2214365,-246588677.5486191,-1813975634.833694
135,10.969152365779552,1.2116288054222881,830592.5,1833318716.6574037,-264764682.41478384,-1814099550.684071
136,11.087731994164526,1.2134712224721853,826755.0,1855915406.7232358,-268531937.68822193,-1836385742.526358
137,11.208353749491382,1.2153372377429832,824134.0,1873317561.9354155,-269532188.820168,-1853826067.0962253
138,11.328592929038944,1.2172044908916755,822694.5,1866855107.695141,-262705945.0604496,-1848278544.9053216
139,11.446988213997447,1.2190651286054581,822541.5,1861441631.4678786,-263160536.8132546,-1842745636.0621119
140,11.56737301367077,1.220969785860548,820702.0,1893603605.4405506,-258114504.96871346,-1875929507.4341702
141,11.685985593718607,1.2228873478102602,817974.5,1913134220.5706167,-246578320.36050975,-1897177292.1491895
142,11.80613739955477,1.2248131725134024,814422.5,1911633912.0797753,-256329185.80850318,-1894370492.357864
143,11.927658187772508,1.2267642455768397,814129.5,1929714764.7182014,-254200201.24078733,-1912898672.3976173
144,12.050937228168225,1.2287349935640488,813845.5,1939289881.087587,-262885831.60009333,-1921389154.3444903
145,12.175636740873735,1.2307255738378624,811493.5,1948545313.9360251,-255388830.14448395,-1931736365.5270028
146,12.299904103403449,1.2327475403369517,809395.5,1976796417.6038644,-243980944.93184268,-1961682281.910513
147,12.421646923782024,1.2347820274799,806898.5,1997606998.6875432,-220346269.72053707,-1985417145.7468827
148,12.54454099981842,1.2368311330989774,805298.0,2000614152.345814,-223546841.0196943,-1988085460.0435252
149,12.670769021664569,1.238891042312158,804653.0,1986059263.2583416,-234257053.98092458,-1972195484.6907153
150,12.794480940100602,1.240939169102094,805657.5,1979421239.2039812,-222105004.02256805,-1966920895.5623913
151,12.9205260437808,1.243020114257531,804204.5,1994147710.45705,-226126873.97971624,-1981285372.6773577
152,13.04454540172281,1.2451170575695107,799296.0,2009528368.299853,-204127508.9407245,-1999133868.2278194
153,13.169382508849363,1.2472194748251906,798570.5,2002355042.9923248,-207918350.76832095,-1991530988.3631177
154,13.295739976683386,1.2492950144587966,797312.5,1955021321.7482433,-223329329.57041624,-1942223565.669997
155,13.423756807207702,1.2513938254100416,796108.0,1967923160.5913517,-222197112.02499592,-1955338847.7191381
156,13.551478585759464,1.2535041764222858,795933.0,1973116860.3996937,-211005064.26487976,-1961801979.723774
157,13.677570956896922,1.2556076986939972,793295.5,1962960152.9845665,-208547245.02727932,-1951850560.0574868
158,13.806763187567324,1.2577375107214621,792637.0,1969945566.4586473,-219663452.84412444,-1957660211.1435676
159,13.936609166643281,1.259879507178812,791869.5,1973149380.5853558,-218664679.70194247,-1960995725.6341023
160,14.066632472681526,1.2620452379255653,790328.0,1990071196.711799,-210832326.5994559,-1978871672.959768
161,14.2001566541246,1.2642213280680674,785031.0,1969988553.7109535,-220232705.3271662,-1957639511.5690866
162,14.332002063385552,1.2663973911378392,780745.0,1972326701.5978448,-207971351.84380978,-1961331316.8988285
163,14.463149183688502,1.2685809079517008,771774.5,1966862945.1187537,-206188725.38349128,-1956025576.112426
164,14.592196329338751,1.2707654230242638,770706.0,1971673252.3260078,-191801478.43799123,-1962321993.6612895
165,14.722272622213524,1.272988599350163,767890.5,2008845894.1349154,-191031429.227223,-1999742188.2408023
166,14.854609601507917,1.2752040662608752,762147.5,1979123257.868628,-204959256.32347816,-1968481793.942697
167,14.988618625572347,1.2774427252741682,759091.0,1993635182.2977338,-208161047.59006786,-1982738060.9554868
168,15.122998595031524,1.2796942740240966,759201.0,1992481540.3374412,-204803435.954091,-1981927910.1942284
169,15.258086934888846,1.2819767251182437,755086.5,2014352586.1512039,-196424552.53182644,-2004752786.8784008
170,15.391577189614507,1.2842434894625332,750720.5,1989788360.017639,-193034431.56141484,-1980402844.3459291
171,15.52764664536148,1.2865133158567825,747323.0,1970036171.3173864,-208988207.5074175,-1958919713.878469
172,15.663045424484132,1.2887820715608296,747520.0,1968492937.4553149,-207434221.34221625,-1957533010.8653603
173,15.799293788033498,1.2910351201000527,749612.0,1932946245.5337403,-209658596.34281176,-1921542209.0348535
174,15.940051306734368,1.2933095695067167,748974.5,1914964528.730923,-235017666.46446767,-1900488316.9194286
175,16.08155227688175,1.2956062051573027,745986.5,1923245098.7476182,-238584485.18031415,-1908389151.4279733
176,16.21995382844678,1.297877493089455,742746.0,1898217166.2940814,-223631342.2698043,-1884997992.8817267
177,16.359078200013215,1.3001553129506982,742499.0,1890195366.1828065,-224598941.04736978,-1876804155.477964
178,16.497132594881283,1.3024293402691862,742326.0,1892566460.331392,-217369791.74139315,-1880042068.7871847
179,16.636184913821403,1.3047053913543107,737212.5,1880204499.3740053,-225666901.69568914,-1866612817.0955331
180,16.776161968492833,1.306984691980385,735167.0,1872493089.624901,-235308977.79940307,-1857649066.8745825
181,16.91280598567266,1.30923904694866,731793.0,1850391399.9549084,-219961635.7157278,-1837271131.8257704
182,17.04621996047866,1.3114747899570733,728358.5,1837015966.7142315,-198740171.11712217,-1826233831.2350254
183,17.179707760398667,1.3137207718502033,726363.5,1834100406.2490811,-193825780.29672316,-1823829999.5052748
184,17.311702127433588,1.3159738932003326,723882.0,1849685943.518039,-177546636.65870273,-1841145100.5989182
185,17.446588251466263,1.318241631687571,724238.5,1833780310.8613105,-190093412.15089226,-1823900963.0896728
186,17.579843379975593,1.3205114600912282,720909.0,1841804765.4096613,-174858377.99591163,-1833485571.672266
187,17.714028271794966,1.3227972828539638,722098.5,1842058349.4628286,-177501426.06471846,-1833486352.9818573
188,17.84807236220589,1.3250930332570903,718446.0,1844559401.2298956,-175876880.6906902,-1836155414.8557534
189,17.9807039000886,1.3273537520644605,715958.5,1799390382.8737428,-180407812.50104514,-1790323649.837398
190,18.11153345830479,1.3295996111417547,712742.0,1784287366.9201646,-177834107.24209255,-1775403176.1975367
191,18.243261073463717,1.3318694248292666,710871.0,1793511951.461291,-168039809.7815795,-1785622508.360336
192,18.370976052120824,1.3341196341587893,709563.5,1785468057.7482977,-154430771.06970316,-1778776917.4874897
193,18.50066807488463,1.3363852907684381,701817.5,1782558317.5748093,-154130281.5474624,-1775882319.261396
194,18.634306704049322,1.3386771755916786,699686.0,1765021112.419204,-177222931.37127012,-1756101238.5058267
195,18.765755073399493,1.3409635938746174,698679.0,1760710093.0990055,-164004903.01272553,-1753055168.4783041
196,18.896868122278097,1.3432612900169525,696938.0,1763476226.3971221,-161653023.75600868,-1756051451.688809
197,19.03219107219023,1.3455795134514965,695415.0,1735956293.6637897,-190216337.46597865,-1725503404.3640573
198,19.164093672736993,1.347889618736758,694570.0,1738998056.6952002,-172394320.5517919,-1730431865.006874
199,19.300650081218294,1.3502253334424623,693656.0,1711717629.7862675,-201527645.60847956,-1699812887.4016163
200,19.435607831012668,1.3525653654571246,692760.5,1721705948.4735086,-201491000.1799679,-1709875068.4934676
201,19.572104640510084,1.354971876392083,689183.0,1763717431.1553893,-172160891.46505672,-1755294791.3132205
202,19.707902673929247,1.3574172579870447,684396.0,1799725836.8541443,-155577119.9493994,-1792988802.9735713
203,19.845947092939323,1.3598991452241986,680899.0,1799049210.3798716,-155962660.67349103,-1792276125.4461002
204,19.982095515984057,1.3623885719466906,675928.5,1810785286.6972811,-152871598.34138763,-1804320822.065717
205,20.11950841082212,1.364923126877932,672051.0,1828098645.8849986,-145733634.0458489,-1822280540.1458788
206,20.25977709717694,1.3674860929982262,668476.5,1827677821.552057,-169018924.12943983,-1819845823.8761325
207,20.40101270309082,1.3701072971579733,664888.0,1853019352.602381,-152534824.60805976,-1846730583.5992253
208,20.542810402381278,1.372739515764793,664287.0,1847330355.688833,-155525035.51036185,-1840771959.363498
209,20.685420801765115,1.3754057484036208,657237.0,1841666472.855787,-144650960.15459156,-1835976987.0473406
210,20.827239645434304,1.3781036993846234,654887.0,1865898411.4400446,-130435496.8459433,-1861333786.019325
211,20.965867212524465,1.3807967455204857,648562.5,1863857969.1252997,-102934774.75414196,-1861013423.1698062
212,21.106692728134153,1.383517092570021,643705.5,1856132855.829698,-120190701.09422393,-1852237396.734282
213,21.2543005799732,1.386293449500427,636898.0,1833672250.3952105,-161430399.00520477,-1826552530.902535
214,21.403685862282014,1.3890477746979153,635971.0,1773222107.1462114,-205275282.45057172,-1761300286.6311262
215,21.553005211349788,1.3918363607815696,631238.5,1789072497.0519173,-200733763.5813422,-1777775676.4749742
216,21.70582784164458,1.3947356432539253,623145.5,1856155612.1841116,-188437388.8808329,-1846565733.2232578
217,21.8593406716373,1.3976631018067187,616360.0,1858703771.5857234,-181568530.2509136,-1849814201.2995565
218,22.01388431952002,1.4006166907349449,610612.0,1854883406.6951945,-186595640.48624623,-1845474063.590355
219,22.16760093348153,1.4036440088602116,605191.5,1915253440.1955545,-137088117.57645294,-1910340961.242325
220,22.321699791645823,1.4067032796068581,603063.5,1926539933.9587512,-136311122.4237071,-1921711579.566866
221,22.479933766322592,1.4098154426716767,596520.5,1922432518.8988872,-160482950.85213655,-1915722321.268328
222,22.637408405525054,1.4129273091091894,590936.0,1911137542.2328775,-156406691.15034723,-1904726660.7824135
223,22.793150123051507,1.416085922541127,584753.0,1944567814.1031857,-122562404.92983676,-1940701533.0915406
224,22.951252593226044,1.4193238360838814,582387.5,1998901683.700784,-119358892.62295486,-1995334908.1930208
225,23.110588978888323,1.4226018697445555,578970.0,2005667742.8206015,-110212255.38287474,-2002637349.4356153
226,23.271375993420108,1.425919426922121,573322.5,2014261565.4876368,-120037770.6872371,-2010681622.6864817
227,23.433127242577164,1.4293153846547482,569625.5,2068153547.8498886,-88418858.72562411,-2066262617.119552
228,23.600182134949474,1.4327855265579374,563413.0,2067548453.7592986,-105527705.73221865,-2064853629.6709654
229,23.772357223364462,1.4363513131756411,557508.5,2096596920.2603974,-131226254.79632783,-2092486156.727808
230,23.943847089903706,1.4399443681475836,552591.0,2094603252.5776505,-111264276.67757569,-2091646013.6562996
231,24.117576008285063,1.4436011607555757,542863.5,2126592806.3012235,-109719918.94298181,-2123760462.7639291
232,24.2951148602902,1.4473324296366166,535349.5,2142425723.1363714,-126288898.81785914,-2138700328.0478022
233,24.474325461341483,1.451087786287938,528449.5,2138609971.407626,-146168873.71745002,-2133608977.8027039
234,24.65681016923037,1.4549061007794446,520063.5,2148646135.5476575,-161825604.5570892,-2142543509.3630223
235,24.84728154331617,1.4588775014880782,513454.5,2199168674.816829,-197157382.35285807,-2190313180.0907784
236,25.05033651813345,1.4630372481859948,506804.5,2252243450.1420217,-260074258.10719094,-2237177225.652369
237,25.259100236165395,1.4673229629844573,493743.0,2300211416.773063,-274886071.0534539,-2283727262.5674763
238,25.467888940527523,1.4716806735338304,486260.5,2348378387.0209026,-258839745.48996025,-2334070057.8135157
239,25.68356126666866,1.4761051686707152,474268.0,2306781493.1252666,-312075737.9246375,-2285574236.5593877
240,25.902246740306857,1.480591735673176,459966.0,2297544175.8829913,-324175992.56655276,-2274559114.6368003
241,26.1260711865504,1.4851390111292813,446409.5,2284737597.3319917,-373591323.66796786,-2253986559.7519383
242,26.366941654700362,1.4899470828294694,433128.0,2326635817.458349,-438294105.87027466,-2284979760.050285
243,26.610465511905918,1.4947772629099605,421499.5,2283528867.2767973,-488214966.5833254,-2230728633.0009966
244,26.856109004107957,1.4996433748508402,404448.0,2255767446.978378,-544025321.6506989,-2189183232.2238817
245,27.108836187023268,1.5045775220870545,391282.5,2228200538.9267173,-647799411.8556709,-2131955338.1046143
246,27.362686102217598,1.5094783063583372,376061.0,2148994531.345078,-671070949.4922253,-2041529151.518208
247,27.61902999360861,1.5143099191305869,360093.0,2049166841.819604,-783106101.6782422,-1893628680.3719563
248,27.87414627667418,1.5189722488706596,343275.5,1914849428.8610198,-901793990.5200535,-1689205710.9396982
249,28.119597760419317,1.5233311990323495,326407.0,1769409420.8790283,-990190319.2149743,-1466401319.7035816
250,28.364176521729693,1.5274550514595784,313916.0,1673873589.6424482,-1159408906.7908854,-1207320910.5107305
251,28.595927499938266,1.5312533188307689,300682.0,1558022473.4683294,-1196232081.9706082,-998229850.2332191
252,28.812807897992855,1.5347533491122427,287888.0,1442284371.6451392,-1172352576.1777573,-840103354.2494577
253,29.0021546454936,1.5376779660934226,280103.0,1285589368.2365284,-1143931874.861899,-586651420.6901208
254,29.162689341876337,1.539976809614101,277080.0,1145686060.6667519,-1103239745.236919,-308963774.7951671
255,29.29640750602165,1.5416782230309873,274327.0,1076612362.800738,-1075687489.505803,-44616192.756561056
256,29.404835388942487,1.5429413193665138,275480.5,966374141.9894137,-962963644.9448054,81117204.21951331
257,29.49297460780516,1.5438228586054705,277001.0,905846041.8549584,-882143784.269879,205862564.39263585
258,29.56506677250278,1.5444306647947603,277273.0,849893934.2638103,-803394950.4591749,277265672.3705943
259,29.62043261293384,1.5447148188017337,277777.5,839054171.2525808,-745505086.3764302,385011777.0708145
260,29.669390665876136,1.5448723295272295,278381.5,840345420.1934729,-722184627.4506582,429685686.4198508
261,29.710786646393853,1.5448770109767596,278554.5,849527406.6943282,-697858796.7860242,484448051.3668653
262,29.747282212038385,1.544787303533774,278164.5,856501000.7749002,-682590002.06541,517363366.8986906
263,29.77794000067923,1.5445752784654978,277138.0,873041058.7506877,-667608941.6035007,562582430.7206682
264,29.802011015883643,1.5442721453856678,276091.5,839428370.8738754,-616642918.7804408,569553773.1820474
265,29.82369044175567,1.5439486879200595,273980.5,813603798.4328187,-590123145.1700519,560094469.137945
266,29.842519174481826,1.5435705649621934,272216.5,818901869.5236974,-579951870.7702636,578148855.8316778
267,29.85843633173067,1.5431309360609402,270896.0,828309781.4406343,-570965137.7826765,600079915.9004078
268,29.8699014980085,1.5426395083117383,269209.5,797312593.3922619,-530302242.02560914,595388027.8310158
269,29.880713227568727,1.5421479309862747,266639.5,783978366.0414675,-519188610.28647196,587422561.1685776
270,29.889569093009616,1.541615822418906,263853.5,791145740.4339613,-513254403.3238524,602064365.3925028
271,29.896046104838224,1.5410587425725872,261246.5,772165030.2607148,-489667933.912229,597046186.1997441
272,29.902285178055816,1.5405050700141527,258901.0,763165422.388009,-482955613.84012127,590910599.8279096
273,29.904823583013705,1.5398766348368857,256041.5,775798221.0949028,-470630731.68040085,616741107.9634519
274,29.906636312189562,1.5392476287399401,252216.5,761929300.2885526,-458233959.8212502,608734668.5582646
275,29.908215059054193,1.538634427338294,248832.5,739217660.1817105,-443685406.2135142,591257988.8996611
276,29.910363848451606,1.5380316684378765,247040.0,738600431.5207632,-446461248.92226917,588390134.7349607
277,29.910790653925957,1.5374177833756189,243660.0,717784624.783093,-424678514.09765184,578673420.1938224
278,29.91067357200954,1.536798636897661,240763.0,713156533.2819394,-418908099.94373477,577155303.8517829
279,29.91065073896684,1.5361984267953226,237653.0,693331475.4876908,-407588669.9830609,560874327.2814133
280,29.909464580591195,1.53560453015358,235747.0,663004277.3548269,-383364348.2485724,540931093.8398194
281,29.90691589965538,1.5350135058633376,232242.0,633879357.3611288,-358567946.37365246,522716048.6554235
282,29.90509207219275,1.5344551852242534,229253.5,610067471.8733988,-348323537.15197265,500852307.2762455
283,29.90571135998209,1.5339416182913066,226526.0,606355418.8247811,-359373644.26991147,488382511.708127
284,29.907160686668526,1.5334653389946185,223693.0,579926856.4626226,-348543220.7441119,463500574.02331287
285,29.908518646111666,1.533001739547066,220738.0,563267982.2133374,-338270926.2013885,450381616.2695136
286,29.91047662509375,1.5325519253600743,217869.0,558952023.3943264,-338820760.5224055,444553547.6133673
287,29.91400403718284,1.5321439803992338,215243.5,541621617.43871,-337022266.520551,423992887.1411347
288,29.91783349638998,1.5317551513783727,212316.0,525321300.2074298,-328885257.9983649,409630266.8541151
289,29.92026351635826,1.5313847173714998,210080.0,475861429.9226777,-292430059.00325316,375404796.2924946
290,29.921008532023,1.5309983973255077,208152.0,460906631.163517,-274503270.93281865,370247048.4658667
291,29.92120162608442,1.5305853839308339,206001.0,481111734.35840654,-283451311.03198385,388746517.9414518
292,29.91934507705852,1.5301679897100149,203553.5,446026948.8737138,-251403002.43365255,368424442.0351877
293,29.918687037674303,1.5297797571544818,201709.5,435713452.4345438,-251898881.63483578,355518165.5886918
294,29.918413218482442,1.5294024592352173,199616.0,430288004.748625,-250830094.99386674,349616976.81308395
295,29.920418087105546,1.5290697509965177,197769.0,423037053.17377347,-258851922.305579,334598312.4235036
296,29.924024815838646,1.5287453034861875,195342.5,445081134.73352873,-280236498.66278756,345781320.0751409
297,29.924609714159956,1.5283938460121052,193675.0,417232552.585194,-247766920.93252844,335700098.04641235
298,29.927224145582407,1.5280957846933678,191455.5,395437132.8417965,-245802205.12540936,309760878.72038776
299,29.930726666592243,1.527825323575058,189757.5,381181445.7743246,-242048137.53236204,294469002.9862551
300,29.932685312222993,1.5275289112867159,187911.5,380629602.9790697,-233498745.91464904,300594794.23351693
301,29.9345977239389,1.5272537085197726,186000.5,355262131.37212235,-218354624.922309,280236399.7807937
302,29.936644783565956,1.5269613062413352,184714.0,377662045.83819693,-232226742.14249712,297824379.62761635
303,29.937216234715514,1.52664423006053,182889.5,377225064.3245677,-223948497.3396545,303555299.2355511
304,29.939338126893958,1.526359473677685,180036.5,369915399.94661987,-228009999.01623172,291288248.07445586
305,29.941582077461756,1.5260602181740373,178107.5,388865752.8010632,-239712851.2858827,306193276.59164864
306,29.941651545337017,1.5257352980633034,176739.0,375924594.2547074,-220424933.44354075,304519538.424018
307,29.94199013238103,1.525428726997993,174631.5,360348501.37401766,-212701741.51731703,290876282.2885373
308,29.94220130844671,1.5251242050335765,172716.0,355388602.3946201,-209035782.80404818,287411030.0936625
309,29.941729592955255,1.524813429953769,171780.0,349384539.10654956,-201796838.03213382,285214993.1664337
310,29.944530657354886,1.5245906005916974,169330.0,312098108.67888093,-197627782.53902858,241554318.9629219
311,29.947179557696604,1.5243181223359086,167720.0,366707834.0545841,-228830443.0434125,286550630.5935479
312,29.949563111333386,1.5240405286211283,166074.0,367437565.46169233,-227781992.4342374,288315328.1306848
313,29.952926952149387,1.523769749665011,164830.5,378979909.84642243,-239726473.0560801,293525109.9706718
314,29.955644182958874,1.5234822426735843,163731.0,385428572.3187397,-240040418.78899544,301555603.0108969
315,29.958700290855003,1.5232003924722688,162370.0,385763740.8729826,-242041965.83679384,300382007.6938331
316,29.960186950087976,1.5229067153233282,161158.0,368616484.39882654,-223553339.62022674,293090458.5877778
317,29.957823010113227,1.5225666356304046,159120.0,348291140.45714146,-190001321.32128906,291901038.7393312
318,29.95431317299645,1.522213756005738,156611.0,341392917.36528283,-179104035.8404856,290638724.8334758
319,29.95358390010307,1.5219205763494454,153805.0,325297661.82973117,-185603359.98849007,267151570.37321174
320,29.95142778606047,1.5216189660815616,151623.5,307480898.88638884,-167048049.69404456,258146183.92181915
321,29.94967192491762,1.5213136834272252,149821.5,319232715.0709345,-176115533.5811463,266257103.57282215
322,29.949395356721237,1.5210454314276527,147869.0,304770929.1795385,-176012129.73464566,248807253.63066396
323,29.950234837541352,1.5207550572398323,146531.0,352257625.3381029,-209886669.8237501,282901078.89355135
324,29.950637996667947,1.5204631606182366,144090.5,345370208.2080994,-203530471.6532657,279026751.09441596
325,29.950059927219623,1.5201749862043141,142917.5,321973344.62398845,-184393680.4858742,263942806.76925248
326,29.94754611284411,1.5198598410265,140723.5,316151065.69169194,-169981718.18473035,266566524.194167
327,29.947437400326983,1.5195985431051227,139028.5,300007578.4566539,-174174350.85729477,244270019.92644393
328,29.949971068270646,1.5193700450430474,137075.0,313810069.40434605,-196665804.76295567,244538996.6784429
329,29.952542102691073,1.5191393258764743,135682.5,317038217.3309476,-198774196.23741737,246985931.0943719
330,29.952707544904584,1.51885831160072,133797.5,328538774.89433163,-192439600.58418393,266279414.78091782
331,29.95339940988572,1.518586267497219,132433.5,328413459.4780839,-195294235.4464223,264037046.5820288
332,29.956447899599592,1.5183805959169574,130820.0,297748542.35049695,-189937691.98257828,229298642.90086168
333,29.959411001075136,1.5181917272445729,129546.0,276568793.26526475,-177093311.5219351,212434122.54720187
334,29.962268292883685,1.518000294084883,128464.5,277462135.25698465,-177056956.2805668,213626006.689323
335,29.96467990766507,1.5177840802029707,127235.5,297333118.0162628,-186281979.15498614,231745565.89366323
336,29.96729185975948,1.5175619016833086,125682.0,308482142.63816416,-193864016.24745023,239954111.30264264
337,29.96917450989783,1.5173364805938707,123724.5,298021376.148706,-183914222.78736347,234504369.46481097
338,29.967544790772465,1.5170495132745807,122316.5,301551046.44238216,-166577224.12247312,251366389.9851113
339,29.963902668967016,1.5167507583382467,120315.5,277442768.43021685,-140839664.31635213,239036981.88665324
340,29.96066337814437,1.516470040243054,119293.0,264174073.6331792,-135465891.8325234,226797119.315849
341,29.957806111732374,1.5162108256243485,117423.0,246574005.48601642,-127419574.6200535,211099484.09473357
342,29.955869252324543,1.5159751768476923,115888.0,236604379.17071185,-126906191.73096068,199690887.98215765
343,29.95486313905734,1.5157631808047443,114030.0,226890529.08479494,-126519380.04108648,188340539.0838555
344,29.953848548869153,1.5155563071928473,112676.5,220673029.8683261,-122844280.2428171,183319035.89887047
345,29.952395278695015,1.5153552816047877,111711.5,205505915.58242297,-111507937.13234514,172622887.52033702
346,29.95196474952934,1.515149194536443,110195.0,230954683.95677835,-132058638.86811309,189474488.89461786
347,29.952379624540846,1.514968425299389,108556.5,217958753.6028452,-129115738.1955535,175599386.16727298
348,29.952468879186643,1.5147886299521882,107726.0,210552941.45465654,-122994519.85768105,170894380.36455888
349,29.95124956199362,1.5145991954465001,106086.5,196629037.1771828,-107594736.26666182,164579315.1915921
350,29.94990045972974,1.5144058810311243,105082.5,198698943.47689372,-108166533.52697769,166677146.49462602
351,29.948747273750037,1.5142209924907593,103768.5,192676739.2290882,-105788385.1958964,161037707.99908543
352,29.94797670645594,1.514042251814385,102876.5,192856173.91806605,-108019145.4234886,159766604.89693883
353,29.948188357165844,1.5138756596017309,101585.5,197679168.34959835,-116207054.19899783,159915521.928861
354,29.94831499019431,1.5137190553580973,100578.5,184431402.54858172,-108024413.26920387,149484676.0838088
355,29.94753659680682,1.5135611735264705,99613.0,168542475.0399905,-93825544.91639638,140011903.11451063
356,29.948952846368726,1.5134008865666875,98319.5,213904182.38398883,-132165069.33558007,168188565.86844444
357,29.95136937761858,1.5132280466598735,96790.5,248283136.23086444,-157442694.70087105,191979982.3470205
358,29.953629958350373,1.513038421828792,95337.0,264681710.04221016,-166204753.72903347,205991231.53362608
359,29.9562003365285,1.5128431474117952,93770.5,277319774.3566168,-175235316.9342894,214939156.38650858
360,29.958075057276552,1.512647220405934,91899.0,264132486.13366494,-163856357.72311127,207164341.20008802
361,29.96143069105631,1.512479539696522,90659.0,260760442.75604752,-169630137.81641492,198044502.1976475
362,29.963401683404673,1.5122932901246762,90037.0,255002857.72703236,-159038207.64416832,199332149.83610523
363,29.964016735941446,1.5120968721485457,88391.0,240165253.53616658,-143117462.4304011,192864566.3505194
364,29.965857163861426,1.5119240890196592,87362.0,236759295.2094061,-147713958.43375602,185028512.26739436
365,29.96808781733845,1.5117717219185132,86276.5,220771415.9198218,-140435644.92112494,170346258.3176709
366,29.969030394461686,1.511604769945831,85325.5,212269856.15491515,-128589757.98801108,168888027.91380185
367,29.969984724171443,1.511436904651665,84379.0,213465574.82629648,-129318596.81042385,169835956.60196403
368,29.970587547927817,1.5112733592746581,83205.5,201728374.0297154,-120603842.43148917,161706679.14292622
369,29.971012878852726,1.511116101174337,82185.0,190933770.83409226,-113341138.17744775,153653803.2121768
370,29.969416201793216,1.510931602320809,81090.5,183732714.12460044,-97786855.9813221,155548838.1084228
371,29.968686719575796,1.5107373120630163,79664.5,211598459.873988,-118916070.09953609,175022502.819283
372,29.96881955865663,1.5105590738780015,78166.0,209670003.39522767,-122627729.4050771,170070427.48435125
373,29.968294624952218,1.5103798518509126,76406.0,198152627.30992824,-112277035.03454565,163273791.87634104
374,29.970166411550615,1.5102356150083924,75641.5,204113338.90990692,-128741566.96959728,158391489.84450907
375,29.972659669582843,1.5101113237939043,74754.5,193309589.61971223,-125706221.26726721,146855518.70340592
376,29.974050940581705,1.50997369527737,74184.0,187001427.27430567,-116223508.66712597,146497883.3831053
377,29.976358172003913,1.5098474070556023,72892.5,191870363.55070367,-123870984.89344616,146527183.52103418
378,29.97874214815866,1.5097270983914493,72287.0,186467347.69047236,-121125914.88906619,141769476.60553098
379,29.97881611012778,1.5095775011888517,70597.5,175033116.62756586,-102075244.3507742,142187328.5742749
380,29.98010181572769,1.5094637035263156,69386.5,157063406.77725792,-98187732.74005912,122589081.43813261
381,29.980434861491215,1.5093479709377673,68101.0,140698630.12827235,-83541595.69232388,113211776.37133288
382,29.979893419095916,1.5092265323820033,67407.0,130477683.07839425,-72757498.72979519,108308689.21785426
383,29.97836155844377,1.5090972605591342,66801.0,120834541.02708586,-61398915.896602646,104072856.36489666
384,29.979224470796986,1.5090024867386258,65757.5,126628424.43099685,-78229175.85683765,99573861.62360406
385,29.980229743601146,1.5089141801530437,65077.0,121924107.10816701,-76245380.14296511,95142681.80463763
386,29.98102293200682,1.5088265449577916,64222.5,116935413.39154212,-72233239.92513806,91957870.54389793
387,29.982387886882634,1.5087324866791256,63065.0,135620647.59800634,-86124569.00103636,104764109.6429896
388,29.984225178004685,1.5086472520919056,62485.5,134798038.32778153,-88111645.04815312,102013965.43574968
389,29.986256968493336,1.5085715517978584,62135.5,127665824.58632903,-84943471.00818846,95305663.52734962
390,29.987443667233944,1.5084894017883475,61671.0,118396607.14586322,-75169577.51395945,91472898.7188266
391,29.987844759975513,1.5084010118590523,61198.0,110222481.35197921,-66200592.64508683,88127617.28780985
392,29.988435829532964,1.5083203767261093,60653.5,104935011.4613227,-64156616.968426794,83037853.59433669
393,29.988812514168643,1.5082398293280574,60120.0,100649811.81030704,-60508290.5652684,80430910.66449064
394,29.988598573423307,1.5081472449798783,59587.0,103187494.95131925,-58710920.840949655,84856861.1741931
395,29.989699251026778,1.508084494399536,58688.0,94244755.01966938,-60646282.84298784,72139463.72164002
396,29.98991655116896,1.5080075841720069,58288.0,93321696.07806526,-55380331.38517335,75112967.28631592
397,29.9895255263298,1.5079248243189147,58077.5,88390775.37299234,-49119851.27816184,73485844.76924826
398,29.98912763780624,1.5078451128767014,57645.0,84741412.557363,-46956402.32600051,70542209.22834763
399,29.988391991726687,1.507761744728759,57094.5,82561906.57949454,-43741428.031877756,70022538.45565185
400,29.987272305316928,1.5076744537514126,56622.5,79916811.21140234,-39954796.25023149,69212072.4353881
401,29.985920645419636,1.507590013487877,55812.0,72332485.41173917,-34136608.600126036,63770529.23664081
402,29.984872177021092,1.5075140466651047,55183.5,68144099.90035833,-33502248.811391003,59339848.97022967
403,29.98508447849802,1.507435632975433,54657.5,94942401.19113198,-56273281.0779699,76468146.1829542
404,29.983943033009602,1.507340860162375,54173.5,88200410.59876288,-44673304.27674315,76050038.2300225
405,29.982462231050455,1.507251170748354,53571.0,76102520.6852983,-35542792.56074224,67292670.86124833
406,29.98110361870229,1.5071685504202605,52807.5,70216087.99252036,-32848986.63501381,62058384.526396155
407,29.979965183052023,1.5070901904754441,52019.5,69322073.27933541,-33665439.46587711,60598581.08334643
408,29.979649195121194,1.507020071843292,51277.0,75201745.54443337,-41879928.46505809,62460980.81755778
409,29.978154797681768,1.5069399378658954,50131.0,64904762.69037955,-28913895.38158313,58108647.15132638
410,29.976250906216105,1.5068584400939646,49805.0,59237146.72822041,-22974524.73040922,54600464.88732976
411,29.9748943193032,1.5067874710654257,49411.5,56898732.586961135,-25041817.297348484,51091811.050781235
412,29.973449898009473,1.5067182062125721,49134.0,53393820.96483573,-22432533.851717748,48452879.60706225
413,29.972957256201624,1.50666757463859,48726.0,49330939.55959032,-25822607.894395217,42032541.19565305
414,29.972396535578167,1.5066216127645509,48224.5,42650118.23824725,-21541029.808779925,36810550.396777906
415,29.971730254231357,1.5065747744668534,47994.5,41708572.61976325,-20363411.926527515,36399676.98604785
416,29.97145472346644,1.5065258427203678,47560.5,51456937.04983217,-28312248.128177613,42967813.26154374
417,29.971273865765937,1.5064826394409858,47206.0,46625539.38559817,-26037435.169110864,38678067.33553675
418,29.971431732454214,1.5064460843443492,47010.0,45446365.971942276,-27236527.93175807,36380540.48908943
419,29.972212782638906,1.5064142177065043,46836.5,52291492.47017172,-34515372.440518685,39282174.71131543
420,29.973024811471866,1.5063877428558168,46332.0,46691038.558244504,-31404248.424462542,34551791.017863564
421,29.973865384321407,1.5063644410447987,45943.5,43609156.108854674,-29748327.529302336,31887231.076652132
422,29.974554846672458,1.5063422787365992,45778.5,39283119.97592336,-26455281.655658506,29039311.07245086
423,29.97456160265539,1.5063122434577496,45619.5,34970463.358424,-20318883.661791727,28461838.911803447
424,29.9746762232131,1.5062843958629955,45578.0,34520627.89435903,-20652693.9956809,27661163.766941637
425,29.974814520140644,1.5062569610712604,44924.5,34500648.844623424,-20771637.90827357,27546938.655821413
426,29.974962550543083,1.5062319098588048,44861.0,31927309.241152585,-19331328.964741006,25409698.85372813
427,29.975124962811183,1.5062073707052188,44686.5,31614207.253047336,-19227154.472011805,25095310.93945694
428,29.975046867317037,1.506169272768515,44535.5,42680015.76535082,-24319344.929686874,35073539.99700498
429,29.97536677036296,1.506139446559589,44194.5,40815370.554803036,-25421891.460960343,31931519.037982427
430,29.975796799730517,1.5061110252209968,44054.5,41356178.19663271,-26322335.716560245,31897776.058157034
431,29.975932566661292,1.5060798237056774,43807.5,38817644.52820635,-23268105.09782382,31070964.1285045
432,29.97597988418857,1.5060547473009345,43429.0,29999939.64673098,-17665214.480051205,24247403.493596807
433,29.976100354133273,1.506031266280082,43459.5,29568989.794822272,-17816588.134771787,23598608.957356215
434,29.976220827834553,1.506007785265888,43459.5,29568847.595591486,-17816385.081686698,23598584.08363451
435,29.97634130529258,1.5059843042583523,43459.5,29568705.396389894,-17816182.028601594,23598559.20903288
436,29.975707056416045,1.5059560347935184,42687.0,21011904.165123694,-8411735.466634981,19254683.146800876
437,29.97545179813527,1.505933927803159,42753.5,20793603.21631355,-10604557.229069486,17886232.15472938
438,29.97543301886039,1.5059156770251874,42590.0,20807382.734390564,-11967346.340308145,17021451.10813199
439,29.975251605774137,1.5058951606435043,42237.5,20338968.206867788,-10770280.747218601,17253251.297829956
440,29.975232353483527,1.5058808177131964,41932.0,16269594.353888983,-9332670.903398395,13326700.80135955
441,29.974991399693362,1.50586301485504,41823.0,16093529.323017744,-7951083.156580932,13992210.787004568
442,29.975178296994315,1.505850466478163,41661.0,18207599.529916115,-11576170.147967972,14053788.291670568
443,29.97530571230273,1.5058399937535085,41563.5,14631519.492714372,-9179319.75610593,11393921.690131277
